month,dayofweek_int,timebins,day,year,lane 1,lane 2,lane 3 ,lane 4,lane 5,month_str,dayofweek_str
1,0,10AM_noon,16.5,2005.5,3.585,2.0749950000000004,3.165,2.0700000000000003,1.4249999999999998,"Jan, 19.5 (2005) / 20 (2006)",Mon
1,0,10PM_midnight,16.5,2005.5,2.775,1.78,2.2449950000000003,1.22,0.8600000000000001,"Jan, 19.5 (2005) / 20 (2006)",Mon
1,0,2AM_4AM,16.5,2005.5,2.384995,1.884995,2.234995,1.325,0.9600000000000001,"Jan, 19.5 (2005) / 20 (2006)",Mon
1,0,2PM_4PM,16.5,2005.5,3.234995,1.635,2.5399900000000004,1.5,1.055,"Jan, 19.5 (2005) / 20 (2006)",Mon
1,0,4AM_6AM,16.5,2005.5,2.70499,1.88,2.1550000000000002,1.3599999999999999,0.98,"Jan, 19.5 (2005) / 20 (2006)",Mon
1,0,4PM_6PM,16.5,2005.5,3.0,1.649995,2.16,1.435,0.735,"Jan, 19.5 (2005) / 20 (2006)",Mon
1,0,6AM_8AM,16.5,2005.5,2.8049999999999997,1.935,2.9899950000000004,1.725,1.33,"Jan, 19.5 (2005) / 20 (2006)",Mon
1,0,6PM_8PM,16.5,2005.5,2.9549950000000003,1.96,2.25,1.49,0.875,"Jan, 19.5 (2005) / 20 (2006)",Mon
1,0,8AM_10AM,16.5,2005.5,3.2399950000000004,1.565,2.955,1.605,1.105,"Jan, 19.5 (2005) / 20 (2006)",Mon
1,0,8PM_10PM,16.5,2005.5,2.7,1.8900000000000001,2.535,1.475,1.08,"Jan, 19.5 (2005) / 20 (2006)",Mon
1,0,midnight_2AM,16.5,2005.5,1.969995,1.7650000000000001,2.135,1.57,0.9099999999999999,"Jan, 19.5 (2005) / 20 (2006)",Mon
1,0,noon_2PM,16.5,2005.5,3.54,1.8050000000000002,2.9599900000000003,2.03,1.87499,"Jan, 19.5 (2005) / 20 (2006)",Mon
1,1,10AM_noon,14.0,2005.5,3.06499,2.474995,3.8299950000000003,1.9049999999999998,1.28,"Jan, 19.5 (2005) / 20 (2006)",Tue
1,1,10PM_midnight,14.0,2006.0,3.2899900000000004,1.75,2.4949950000000003,1.905,0.5349999999999999,"Jan, 19.5 (2005) / 20 (2006)",Tue
1,1,2AM_4AM,17.0,2006.0,2.4,1.96,2.18,1.25,0.72,"Jan, 19.5 (2005) / 20 (2006)",Tue
1,1,2PM_4PM,17.0,2005.5,3.025,1.76,2.0749950000000004,1.42,0.92,"Jan, 19.5 (2005) / 20 (2006)",Tue
1,1,4AM_6AM,17.0,2006.0,2.75999,1.74,2.41,1.74,0.89,"Jan, 19.5 (2005) / 20 (2006)",Tue
1,1,4PM_6PM,14.0,2006.0,3.15499,1.8900000000000001,2.624995,1.705,0.44,"Jan, 19.5 (2005) / 20 (2006)",Tue
1,1,6AM_8AM,14.0,2006.0,2.77999,2.09,2.4050000000000002,1.6800000000000002,1.505,"Jan, 19.5 (2005) / 20 (2006)",Tue
1,1,6PM_8PM,17.5,2006.0,2.974995,1.665,1.88,1.6049950000000002,0.325,"Jan, 19.5 (2005) / 20 (2006)",Tue
1,1,8AM_10AM,17.0,2006.0,3.04999,1.84,3.3399900000000002,2.12,1.3,"Jan, 19.5 (2005) / 20 (2006)",Tue
1,1,8PM_10PM,17.0,2005.5,3.06,1.8900000000000001,2.219995,1.585,0.94,"Jan, 19.5 (2005) / 20 (2006)",Tue
1,1,midnight_2AM,14.0,2006.0,3.21,1.74,2.339995,1.65,0.34,"Jan, 19.5 (2005) / 20 (2006)",Tue
1,1,noon_2PM,17.5,2006.0,3.249995,2.0300000000000002,2.92,1.524995,0.37,"Jan, 19.5 (2005) / 20 (2006)",Tue
1,2,10AM_noon,12.0,2006.0,3.6900000000000004,2.2800000000000002,3.73999,1.865,0.895,"Jan, 19.5 (2005) / 20 (2006)",Wed
1,2,10PM_midnight,12.0,2005.5,3.435,1.365,2.95,1.94,0.785,"Jan, 19.5 (2005) / 20 (2006)",Wed
1,2,2AM_4AM,18.0,2005.0,2.82999,1.63,2.00999,0.98,1.43,"Jan, 19.5 (2005) / 20 (2006)",Wed
1,2,2PM_4PM,15.0,2005.5,2.974995,1.659995,2.274995,1.585,0.795,"Jan, 19.5 (2005) / 20 (2006)",Wed
1,2,4AM_6AM,12.0,2006.0,3.3599900000000003,1.95,3.1099900000000003,1.73,0.84,"Jan, 19.5 (2005) / 20 (2006)",Wed
1,2,4PM_6PM,12.0,2005.5,3.349995,1.6749999999999998,3.019995,1.7650000000000001,0.96,"Jan, 19.5 (2005) / 20 (2006)",Wed
1,2,6AM_8AM,15.0,2005.5,2.9949950000000003,1.4849999999999999,2.754995,1.759995,1.075,"Jan, 19.5 (2005) / 20 (2006)",Wed
1,2,6PM_8PM,18.0,2005.5,3.14999,1.395,2.525,1.345,1.085,"Jan, 19.5 (2005) / 20 (2006)",Wed
1,2,8AM_10AM,18.0,2005.0,3.03999,1.92,3.22,1.76,1.45,"Jan, 19.5 (2005) / 20 (2006)",Wed
1,2,8PM_10PM,15.0,2005.5,2.92999,1.54,2.099995,1.57,1.17,"Jan, 19.5 (2005) / 20 (2006)",Wed
1,2,midnight_2AM,15.0,2005.5,3.0149999999999997,1.79,2.385,1.35,0.89,"Jan, 19.5 (2005) / 20 (2006)",Wed
1,2,noon_2PM,18.0,2005.5,3.0449900000000003,1.47,2.759995,1.645,0.87,"Jan, 19.5 (2005) / 20 (2006)",Wed
1,3,10AM_noon,13.0,2005.5,3.759995,1.955,3.07499,2.3249950000000004,1.4700000000000002,"Jan, 19.5 (2005) / 20 (2006)",Thu
1,3,10PM_midnight,13.0,2005.5,2.515,1.775,2.395,1.7850000000000001,0.78,"Jan, 19.5 (2005) / 20 (2006)",Thu
1,3,2AM_4AM,16.0,2005.5,2.8549949999999997,1.605,2.505,1.4100000000000001,0.72,"Jan, 19.5 (2005) / 20 (2006)",Thu
1,3,2PM_4PM,16.0,2005.5,2.115,1.595,2.275,1.449995,0.9199999999999999,"Jan, 19.5 (2005) / 20 (2006)",Thu
1,3,4AM_6AM,13.0,2005.5,3.2449950000000003,1.635,3.019995,1.5899999999999999,0.81,"Jan, 19.5 (2005) / 20 (2006)",Thu
1,3,4PM_6PM,13.0,2005.5,2.595,1.725,2.3699950000000003,1.615,0.5449999999999999,"Jan, 19.5 (2005) / 20 (2006)",Thu
1,3,6AM_8AM,19.0,2005.5,2.92499,1.81,2.465,1.335,1.135,"Jan, 19.5 (2005) / 20 (2006)",Thu
1,3,6PM_8PM,19.0,2005.5,2.519995,1.79,2.094995,1.48,0.58,"Jan, 19.5 (2005) / 20 (2006)",Thu
1,3,8AM_10AM,16.0,2005.5,3.094995,1.865,2.6449949999999998,1.58,1.58,"Jan, 19.5 (2005) / 20 (2006)",Thu
1,3,8PM_10PM,16.0,2005.5,2.66,1.85,2.1550000000000002,1.555,0.915,"Jan, 19.5 (2005) / 20 (2006)",Thu
1,3,midnight_2AM,19.0,2005.5,2.7949900000000003,1.27,2.714995,1.355,0.755,"Jan, 19.5 (2005) / 20 (2006)",Thu
1,3,noon_2PM,19.0,2005.5,2.734995,2.224995,2.874995,1.845,1.33,"Jan, 19.5 (2005) / 20 (2006)",Thu
1,4,10AM_noon,14.0,2005.5,2.724995,1.9299950000000001,2.915,2.099995,0.8300000000000001,"Jan, 19.5 (2005) / 20 (2006)",Fri
1,4,10PM_midnight,14.0,2005.0,2.46,1.92,2.24,1.57,0.68,"Jan, 19.5 (2005) / 20 (2006)",Fri
1,4,2AM_4AM,17.0,2005.5,2.314995,1.805,2.709995,1.565,0.75,"Jan, 19.5 (2005) / 20 (2006)",Fri
1,4,2PM_4PM,17.0,2005.5,2.874995,1.85,2.6149950000000004,1.615,0.655,"Jan, 19.5 (2005) / 20 (2006)",Fri
1,4,4AM_6AM,14.0,2005.5,2.33,1.5350000000000001,2.8699950000000003,1.6949999999999998,0.815,"Jan, 19.5 (2005) / 20 (2006)",Fri
1,4,4PM_6PM,14.0,2005.5,2.644995,1.739995,2.4749999999999996,1.7149999999999999,0.625,"Jan, 19.5 (2005) / 20 (2006)",Fri
1,4,6AM_8AM,20.0,2005.5,2.9049950000000004,1.769995,2.215,1.77,1.125,"Jan, 19.5 (2005) / 20 (2006)",Fri
1,4,6PM_8PM,20.0,2005.5,2.93999,2.4499950000000004,1.959995,1.38,1.3450000000000002,"Jan, 19.5 (2005) / 20 (2006)",Fri
1,4,8AM_10AM,17.0,2005.5,2.55499,1.635,2.51999,1.705,1.31,"Jan, 19.5 (2005) / 20 (2006)",Fri
1,4,8PM_10PM,17.0,2005.5,2.685,1.955,2.0949999999999998,1.594995,0.53,"Jan, 19.5 (2005) / 20 (2006)",Fri
1,4,midnight_2AM,20.0,2006.0,2.37,1.99,2.03999,1.29,0.43,"Jan, 19.5 (2005) / 20 (2006)",Fri
1,4,noon_2PM,20.0,2005.5,2.394995,1.914995,2.07,1.955,1.51,"Jan, 19.5 (2005) / 20 (2006)",Fri
1,5,10AM_noon,14.5,2005.0,2.4899950000000004,2.084995,2.154995,1.5699999999999998,1.17,"Jan, 19.5 (2005) / 20 (2006)",Sat
1,5,10PM_midnight,15.0,2005.0,2.46,2.05999,2.11,1.71,1.23,"Jan, 19.5 (2005) / 20 (2006)",Sat
1,5,2AM_4AM,15.0,2005.5,2.724995,1.9399950000000001,2.6199950000000003,1.8050000000000002,0.585,"Jan, 19.5 (2005) / 20 (2006)",Sat
1,5,2PM_4PM,15.0,2005.5,2.3200000000000003,2.249995,1.9649999999999999,1.6,0.56,"Jan, 19.5 (2005) / 20 (2006)",Sat
1,5,4AM_6AM,14.5,2005.0,2.84,1.9449999999999998,2.43999,1.68,1.609995,"Jan, 19.5 (2005) / 20 (2006)",Sat
1,5,4PM_6PM,14.5,2005.0,2.16,1.875,2.03,0.95,0.905,"Jan, 19.5 (2005) / 20 (2006)",Sat
1,5,6AM_8AM,18.0,2005.0,2.754995,2.0399900000000004,2.089995,1.645,1.29,"Jan, 19.5 (2005) / 20 (2006)",Sat
1,5,6PM_8PM,18.0,2005.0,1.97,1.924995,1.8899949999999999,1.73,0.98,"Jan, 19.5 (2005) / 20 (2006)",Sat
1,5,8AM_10AM,15.0,2005.5,2.634995,2.134995,2.2,1.545,0.63,"Jan, 19.5 (2005) / 20 (2006)",Sat
1,5,8PM_10PM,15.0,2005.5,2.1699900000000003,2.01,1.91,1.7149999999999999,1.0050000000000001,"Jan, 19.5 (2005) / 20 (2006)",Sat
1,5,midnight_2AM,14.5,2005.0,2.555,2.125,2.519995,1.955,1.57,"Jan, 19.5 (2005) / 20 (2006)",Sat
1,5,noon_2PM,18.0,2005.0,2.719995,3.21999,2.1550000000000002,1.54,1.145,"Jan, 19.5 (2005) / 20 (2006)",Sat
1,6,10AM_noon,15.5,2005.5,2.8799900000000003,2.324995,3.194995,1.859995,1.694995,"Jan, 19.5 (2005) / 20 (2006)",Sun
1,6,10PM_midnight,15.5,2005.5,2.28999,1.755,1.9449999999999998,1.28,1.0,"Jan, 19.5 (2005) / 20 (2006)",Sun
1,6,2AM_4AM,15.5,2005.5,2.49999,1.875,2.675,1.705,1.425,"Jan, 19.5 (2005) / 20 (2006)",Sun
1,6,2PM_4PM,15.5,2005.5,2.795,1.585,2.40999,1.73,1.26,"Jan, 19.5 (2005) / 20 (2006)",Sun
1,6,4AM_6AM,15.5,2005.5,2.975,1.83,3.109995,1.83,1.125,"Jan, 19.5 (2005) / 20 (2006)",Sun
1,6,4PM_6PM,15.5,2005.5,2.849995,1.714995,2.094995,1.39,0.95,"Jan, 19.5 (2005) / 20 (2006)",Sun
1,6,6AM_8AM,15.5,2005.5,2.114995,2.264995,2.7299949999999997,1.844995,1.3399999999999999,"Jan, 19.5 (2005) / 20 (2006)",Sun
1,6,6PM_8PM,15.5,2005.5,2.734995,1.8599999999999999,2.0,1.4249999999999998,0.925,"Jan, 19.5 (2005) / 20 (2006)",Sun
1,6,8AM_10AM,15.5,2005.5,2.399995,2.02999,2.5799950000000003,1.655,1.545,"Jan, 19.5 (2005) / 20 (2006)",Sun
1,6,8PM_10PM,15.5,2005.5,2.5949999999999998,1.6599949999999999,2.1900000000000004,1.4249999999999998,0.85,"Jan, 19.5 (2005) / 20 (2006)",Sun
1,6,midnight_2AM,15.0,2006.0,2.22,2.08,2.87,1.79,1.31,"Jan, 19.5 (2005) / 20 (2006)",Sun
1,6,noon_2PM,15.5,2005.5,2.665,2.66499,3.3799900000000003,2.0,1.65,"Jan, 19.5 (2005) / 20 (2006)",Sun
2,0,10AM_noon,20.0,2006.0,2.66,1.99,1.82,1.56,1.92,"Feb, 20.7 (2005), / 22.7 (2006)",Mon
2,0,10PM_midnight,20.0,2005.5,1.85,1.81,1.4649999999999999,0.81,1.8250000000000002,"Feb, 20.7 (2005), / 22.7 (2006)",Mon
2,0,2AM_4AM,20.5,2005.5,2.059995,1.879995,1.76,0.7150000000000001,1.879995,"Feb, 20.7 (2005), / 22.7 (2006)",Mon
2,0,2PM_4PM,20.0,2006.0,1.87999,1.83,1.86,1.12,1.76,"Feb, 20.7 (2005), / 22.7 (2006)",Mon
2,0,4AM_6AM,14.0,2005.0,2.14,1.9999900000000002,1.86,0.64,1.98,"Feb, 20.7 (2005), / 22.7 (2006)",Mon
2,0,4PM_6PM,13.5,2005.5,2.249995,1.864995,1.7850000000000001,0.81,1.789995,"Feb, 20.7 (2005), / 22.7 (2006)",Mon
2,0,6AM_8AM,20.0,2006.0,2.1,1.89,1.7,1.47,1.59,"Feb, 20.7 (2005), / 22.7 (2006)",Mon
2,0,6PM_8PM,20.0,2005.5,1.73,1.69,1.375,0.665,1.88,"Feb, 20.7 (2005), / 22.7 (2006)",Mon
2,0,8AM_10AM,14.0,2005.0,2.42,1.87999,1.92,0.63,2.03999,"Feb, 20.7 (2005), / 22.7 (2006)",Mon
2,0,8PM_10PM,13.5,2005.5,1.875,1.69,1.56,0.69,1.415,"Feb, 20.7 (2005), / 22.7 (2006)",Mon
2,0,midnight_2AM,14.0,2005.5,2.094995,1.885,1.69,0.75,1.65,"Feb, 20.7 (2005), / 22.7 (2006)",Mon
2,0,noon_2PM,14.0,2005.0,2.84999,2.00999,1.86,0.81,1.8,"Feb, 20.7 (2005), / 22.7 (2006)",Mon
2,1,10AM_noon,15.0,2005.0,2.25999,1.96,1.9999900000000002,0.48,2.24999,"Feb, 20.7 (2005), / 22.7 (2006)",Tue
2,1,10PM_midnight,15.0,2006.0,1.86,1.7499900000000002,1.59,1.09,1.8,"Feb, 20.7 (2005), / 22.7 (2006)",Tue
2,1,2AM_4AM,18.0,2005.5,2.115,2.00999,1.815,0.7749999999999999,2.14999,"Feb, 20.7 (2005), / 22.7 (2006)",Tue
2,1,2PM_4PM,15.0,2005.0,1.86,1.95,1.85,0.74,2.13,"Feb, 20.7 (2005), / 22.7 (2006)",Tue
2,1,4AM_6AM,11.0,2005.5,2.03499,1.9999950000000002,1.759995,0.9199999999999999,1.9,"Feb, 20.7 (2005), / 22.7 (2006)",Tue
2,1,4PM_6PM,11.0,2005.5,1.969995,1.685,1.705,0.81,1.79,"Feb, 20.7 (2005), / 22.7 (2006)",Tue
2,1,6AM_8AM,18.0,2005.5,2.089995,1.844995,1.855,0.8500000000000001,2.089995,"Feb, 20.7 (2005), / 22.7 (2006)",Tue
2,1,6PM_8PM,15.0,2005.5,2.069995,1.859995,1.685,0.9099999999999999,2.05,"Feb, 20.7 (2005), / 22.7 (2006)",Tue
2,1,8AM_10AM,11.0,2005.5,2.189995,1.91,1.905,0.9550000000000001,1.795,"Feb, 20.7 (2005), / 22.7 (2006)",Tue
2,1,8PM_10PM,11.0,2005.5,2.0799950000000003,1.82,1.649995,0.9099999999999999,1.784995,"Feb, 20.7 (2005), / 22.7 (2006)",Tue
2,1,midnight_2AM,11.0,2005.5,1.875,1.8899949999999999,1.65,0.8049999999999999,1.75,"Feb, 20.7 (2005), / 22.7 (2006)",Tue
2,1,noon_2PM,14.0,2006.0,2.26999,1.87999,1.86999,1.13,1.86999,"Feb, 20.7 (2005), / 22.7 (2006)",Tue
2,2,10AM_noon,15.0,2005.5,2.17,2.059995,1.7949950000000001,1.0150000000000001,2.125,"Feb, 20.7 (2005), / 22.7 (2006)",Wed
2,2,10PM_midnight,15.0,2005.0,2.24999,1.99,1.91,0.77,1.79,"Feb, 20.7 (2005), / 22.7 (2006)",Wed
2,2,2AM_4AM,15.0,2006.0,2.19,1.83,1.65,1.11,1.67,"Feb, 20.7 (2005), / 22.7 (2006)",Wed
2,2,2PM_4PM,15.0,2005.5,1.955,1.78,1.899995,0.8300000000000001,1.745,"Feb, 20.7 (2005), / 22.7 (2006)",Wed
2,2,4AM_6AM,8.5,2005.5,2.129995,1.9649999999999999,2.089995,0.9349999999999999,1.81,"Feb, 20.7 (2005), / 22.7 (2006)",Wed
2,2,4PM_6PM,8.5,2005.5,2.80499,2.07,2.065,1.185,1.865,"Feb, 20.7 (2005), / 22.7 (2006)",Wed
2,2,6AM_8AM,15.0,2005.5,2.135,1.914995,1.5950000000000002,0.84,1.79,"Feb, 20.7 (2005), / 22.7 (2006)",Wed
2,2,6PM_8PM,15.0,2005.5,2.239995,1.9449999999999998,1.9349950000000002,1.135,1.92,"Feb, 20.7 (2005), / 22.7 (2006)",Wed
2,2,8AM_10AM,8.5,2005.5,2.109995,2.02999,1.9149950000000002,0.7,1.435,"Feb, 20.7 (2005), / 22.7 (2006)",Wed
2,2,8PM_10PM,8.5,2005.5,2.4549950000000003,1.915,1.85,1.1099999999999999,1.52,"Feb, 20.7 (2005), / 22.7 (2006)",Wed
2,2,midnight_2AM,9.0,2005.0,1.84,1.92,1.63,0.64,1.61999,"Feb, 20.7 (2005), / 22.7 (2006)",Wed
2,2,noon_2PM,8.5,2005.5,2.395,1.82,1.884995,1.505,1.665,"Feb, 20.7 (2005), / 22.7 (2006)",Wed
2,3,10AM_noon,10.0,2006.0,2.23,2.04999,2.29999,1.8,2.13,"Feb, 20.7 (2005), / 22.7 (2006)",Thu
2,3,10PM_midnight,10.0,2005.5,2.069995,1.86999,2.135,1.145,1.804995,"Feb, 20.7 (2005), / 22.7 (2006)",Thu
2,3,2AM_4AM,16.0,2005.0,2.08,1.93,2.00999,0.78,1.76,"Feb, 20.7 (2005), / 22.7 (2006)",Thu
2,3,2PM_4PM,10.0,2006.0,1.91,1.86,2.03999,1.03,1.78,"Feb, 20.7 (2005), / 22.7 (2006)",Thu
2,3,4AM_6AM,13.0,2005.5,2.349995,1.9799950000000002,1.775,1.025,1.815,"Feb, 20.7 (2005), / 22.7 (2006)",Thu
2,3,4PM_6PM,16.5,2005.5,1.909995,1.855,1.95499,1.23,2.54,"Feb, 20.7 (2005), / 22.7 (2006)",Thu
2,3,6AM_8AM,13.0,2005.5,1.975,1.909995,1.98,1.2349999999999999,1.4700000000000002,"Feb, 20.7 (2005), / 22.7 (2006)",Thu
2,3,6PM_8PM,10.0,2005.5,2.349995,1.8,1.849995,1.335,1.774995,"Feb, 20.7 (2005), / 22.7 (2006)",Thu
2,3,8AM_10AM,13.0,2005.5,1.935,2.01499,1.79,1.69,2.2899900000000004,"Feb, 20.7 (2005), / 22.7 (2006)",Thu
2,3,8PM_10PM,16.5,2005.5,2.22,2.264995,2.06999,1.1,2.4049899999999997,"Feb, 20.7 (2005), / 22.7 (2006)",Thu
2,3,midnight_2AM,10.0,2006.0,2.01999,1.82,1.91,0.97,2.03999,"Feb, 20.7 (2005), / 22.7 (2006)",Thu
2,3,noon_2PM,16.0,2005.0,1.99,1.9,1.87999,1.56,2.65,"Feb, 20.7 (2005), / 22.7 (2006)",Thu
2,4,10AM_noon,11.0,2005.0,2.13,2.08,1.96,1.59,1.81,"Feb, 20.7 (2005), / 22.7 (2006)",Fri
2,4,10PM_midnight,10.5,2005.5,1.97,1.7349999999999999,1.895,0.865,1.845,"Feb, 20.7 (2005), / 22.7 (2006)",Fri
2,4,2AM_4AM,11.0,2005.5,2.1,1.885,1.914995,1.145,1.645,"Feb, 20.7 (2005), / 22.7 (2006)",Fri
2,4,2PM_4PM,11.0,2005.0,1.76,1.81,1.79,1.53,1.86999,"Feb, 20.7 (2005), / 22.7 (2006)",Fri
2,4,4AM_6AM,17.5,2005.5,2.354995,2.1,2.3699950000000003,1.325,2.645,"Feb, 20.7 (2005), / 22.7 (2006)",Fri
2,4,4PM_6PM,17.0,2006.0,2.09,1.73,1.86999,1.54,1.69,"Feb, 20.7 (2005), / 22.7 (2006)",Fri
2,4,6AM_8AM,11.0,2005.5,2.245,1.91,2.225,1.7,1.769995,"Feb, 20.7 (2005), / 22.7 (2006)",Fri
2,4,6PM_8PM,11.0,2005.0,2.5899900000000002,1.92,1.87999,1.3,1.78,"Feb, 20.7 (2005), / 22.7 (2006)",Fri
2,4,8AM_10AM,17.5,2005.5,2.1500000000000004,2.365,2.0,1.56,2.949995,"Feb, 20.7 (2005), / 22.7 (2006)",Fri
2,4,8PM_10PM,17.0,2006.0,1.93,1.94,1.77,1.06,1.68,"Feb, 20.7 (2005), / 22.7 (2006)",Fri
2,4,midnight_2AM,17.5,2005.5,2.17999,1.8450000000000002,2.16,0.925,2.4050000000000002,"Feb, 20.7 (2005), / 22.7 (2006)",Fri
2,4,noon_2PM,17.0,2006.0,2.16,1.98,1.97,1.86,2.16,"Feb, 20.7 (2005), / 22.7 (2006)",Fri
2,5,10AM_noon,11.5,2005.5,2.6999950000000004,2.209995,2.05999,1.87,1.7949950000000001,"Feb, 20.7 (2005), / 22.7 (2006)",Sat
2,5,10PM_midnight,15.0,2005.5,1.895,1.8049950000000001,1.904995,0.735,2.05499,"Feb, 20.7 (2005), / 22.7 (2006)",Sat
2,5,2AM_4AM,11.5,2005.5,2.004995,1.955,1.78,0.75,1.67,"Feb, 20.7 (2005), / 22.7 (2006)",Sat
2,5,2PM_4PM,11.5,2005.5,2.609995,2.004995,1.805,1.565,1.6600000000000001,"Feb, 20.7 (2005), / 22.7 (2006)",Sat
2,5,4AM_6AM,18.0,2005.5,1.984995,2.004995,1.9499900000000001,0.9849999999999999,2.134995,"Feb, 20.7 (2005), / 22.7 (2006)",Sat
2,5,4PM_6PM,18.0,2005.0,1.74,1.82,1.99,0.55,1.4,"Feb, 20.7 (2005), / 22.7 (2006)",Sat
2,5,6AM_8AM,11.5,2005.5,2.4949950000000003,2.334995,2.0149999999999997,1.31,1.605,"Feb, 20.7 (2005), / 22.7 (2006)",Sat
2,5,6PM_8PM,12.0,2006.0,2.03999,1.86,1.97,1.21,1.92,"Feb, 20.7 (2005), / 22.7 (2006)",Sat
2,5,8AM_10AM,18.0,2005.5,2.355,1.89,1.829995,1.839995,1.904995,"Feb, 20.7 (2005), / 22.7 (2006)",Sat
2,5,8PM_10PM,18.0,2005.0,1.7499900000000002,1.78,1.61,0.63,1.51,"Feb, 20.7 (2005), / 22.7 (2006)",Sat
2,5,midnight_2AM,18.0,2005.5,2.014995,1.94,1.865,0.885,2.109995,"Feb, 20.7 (2005), / 22.7 (2006)",Sat
2,5,noon_2PM,18.0,2005.5,2.859995,2.17,1.9049999999999998,2.145,2.505,"Feb, 20.7 (2005), / 22.7 (2006)",Sat
2,6,10AM_noon,19.5,2005.5,2.79,1.904995,1.93,1.75,1.575,"Feb, 20.7 (2005), / 22.7 (2006)",Sun
2,6,10PM_midnight,19.5,2005.5,1.77,1.80999,1.53,0.78,1.665,"Feb, 20.7 (2005), / 22.7 (2006)",Sun
2,6,2AM_4AM,16.0,2005.5,2.025,1.7850000000000001,1.7,0.8,1.7799999999999998,"Feb, 20.7 (2005), / 22.7 (2006)",Sun
2,6,2PM_4PM,19.5,2005.5,2.475,1.739995,1.52,1.025,1.87499,"Feb, 20.7 (2005), / 22.7 (2006)",Sun
2,6,4AM_6AM,13.0,2006.0,2.86,1.74,1.86,1.0,1.76,"Feb, 20.7 (2005), / 22.7 (2006)",Sun
2,6,4PM_6PM,13.0,2005.5,2.17,1.84,1.82,0.825,1.615,"Feb, 20.7 (2005), / 22.7 (2006)",Sun
2,6,6AM_8AM,19.0,2005.0,2.74,1.8,2.12,0.54,1.77,"Feb, 20.7 (2005), / 22.7 (2006)",Sun
2,6,6PM_8PM,19.5,2005.5,1.725,1.6549999999999998,1.7850000000000001,0.8,1.335,"Feb, 20.7 (2005), / 22.7 (2006)",Sun
2,6,8AM_10AM,13.0,2006.0,3.00999,2.05999,2.11,1.6,1.37,"Feb, 20.7 (2005), / 22.7 (2006)",Sun
2,6,8PM_10PM,13.0,2005.5,2.33,1.839995,1.69,0.835,1.255,"Feb, 20.7 (2005), / 22.7 (2006)",Sun
2,6,midnight_2AM,16.0,2005.5,1.88,1.724995,1.9,0.655,1.725,"Feb, 20.7 (2005), / 22.7 (2006)",Sun
2,6,noon_2PM,13.0,2005.5,3.03499,2.3600000000000003,2.249995,1.72,2.375,"Feb, 20.7 (2005), / 22.7 (2006)",Sun
3,0,10AM_noon,14.0,2005.0,2.29999,2.37,3.02999,0.45,2.8399900000000002,"March, 23.8 (2005)",Mon
3,0,10PM_midnight,14.0,2005.0,1.86999,2.1,2.22,0.57,2.43,"March, 23.8 (2005)",Mon
3,0,2AM_4AM,17.5,2005.0,1.92,1.989995,1.904995,0.435,1.984995,"March, 23.8 (2005)",Mon
3,0,2PM_4PM,17.5,2005.0,1.85,1.8049950000000001,1.899995,0.515,2.045,"March, 23.8 (2005)",Mon
3,0,4AM_6AM,14.0,2005.0,1.95,2.00999,2.15,0.45,1.9,"March, 23.8 (2005)",Mon
3,0,4PM_6PM,14.0,2005.0,1.67,1.9,2.11,0.51,2.05999,"March, 23.8 (2005)",Mon
3,0,6AM_8AM,21.0,2005.0,1.94,1.51,2.14,0.49,2.14,"March, 23.8 (2005)",Mon
3,0,6PM_8PM,21.0,2005.0,1.63,1.87999,2.4,0.62,2.29999,"March, 23.8 (2005)",Mon
3,0,8AM_10AM,17.5,2005.0,2.404995,2.2800000000000002,2.834995,0.635,2.92499,"March, 23.8 (2005)",Mon
3,0,8PM_10PM,17.5,2005.0,1.75,1.91,2.0749950000000004,0.7050000000000001,1.799995,"March, 23.8 (2005)",Mon
3,0,midnight_2AM,21.0,2005.0,1.81,1.93,2.01999,0.6,1.77,"March, 23.8 (2005)",Mon
3,0,noon_2PM,21.0,2005.0,1.51,1.71,1.61999,0.43,1.81,"March, 23.8 (2005)",Mon
3,1,10AM_noon,15.0,2005.0,6.939989999999999,6.809989999999999,7.879989999999999,4.43999,8.58999,"March, 23.8 (2005)",Tue
3,1,10PM_midnight,18.5,2005.0,1.87499,1.94,2.29,0.605,2.395,"March, 23.8 (2005)",Tue
3,1,2AM_4AM,15.0,2005.0,2.04,2.089995,2.075,0.455,2.069995,"March, 23.8 (2005)",Tue
3,1,2PM_4PM,15.0,2005.0,2.344995,2.12,2.6550000000000002,0.755,3.249995,"March, 23.8 (2005)",Tue
3,1,4AM_6AM,15.0,2005.0,4.37999,3.12,4.79999,0.68,4.56999,"March, 23.8 (2005)",Tue
3,1,4PM_6PM,15.0,2005.0,2.06999,2.24,2.39,0.61,2.25999,"March, 23.8 (2005)",Tue
3,1,6AM_8AM,15.0,2005.0,6.50999,5.81999,7.27999,2.74,7.2499899999999995,"March, 23.8 (2005)",Tue
3,1,6PM_8PM,15.0,2005.0,1.93,2.06999,2.32999,0.48,2.41,"March, 23.8 (2005)",Tue
3,1,8AM_10AM,15.0,2005.0,7.514994999999999,7.40499,8.479994999999999,4.459994999999999,8.759995,"March, 23.8 (2005)",Tue
3,1,8PM_10PM,15.0,2005.0,1.77,1.829995,1.84,0.475,1.7849949999999999,"March, 23.8 (2005)",Tue
3,1,midnight_2AM,11.5,2005.0,1.955,1.8899949999999999,2.06,0.48,1.875,"March, 23.8 (2005)",Tue
3,1,noon_2PM,15.0,2005.0,5.16,4.72999,5.91999,2.80999,6.56999,"March, 23.8 (2005)",Tue
3,2,10AM_noon,16.0,2005.0,4.62999,3.27999,5.50999,0.97,5.29999,"March, 23.8 (2005)",Wed
3,2,10PM_midnight,16.0,2005.0,1.81,1.89,1.96,0.48,2.35,"March, 23.8 (2005)",Wed
3,2,2AM_4AM,16.0,2005.0,1.859995,2.0300000000000002,1.955,0.36,1.904995,"March, 23.8 (2005)",Wed
3,2,2PM_4PM,16.0,2005.0,1.775,1.9049999999999998,2.31,0.395,1.974995,"March, 23.8 (2005)",Wed
3,2,4AM_6AM,16.0,2005.0,2.18,2.09,1.68,0.61,2.11,"March, 23.8 (2005)",Wed
3,2,4PM_6PM,16.0,2005.0,2.49999,1.84,2.02999,0.48,2.41,"March, 23.8 (2005)",Wed
3,2,6AM_8AM,16.0,2005.0,2.79999,2.66,2.48,0.38,2.94,"March, 23.8 (2005)",Wed
3,2,6PM_8PM,16.0,2005.0,1.97,1.78,2.02999,0.4,1.91,"March, 23.8 (2005)",Wed
3,2,8AM_10AM,16.0,2005.0,4.01999,3.389995,4.64999,1.235,4.99999,"March, 23.8 (2005)",Wed
3,2,8PM_10PM,16.0,2005.0,1.8250000000000002,2.0,2.15499,0.45,2.275,"March, 23.8 (2005)",Wed
3,2,midnight_2AM,16.0,2005.0,2.01999,1.84,2.69,0.51,2.62,"March, 23.8 (2005)",Wed
3,2,noon_2PM,16.0,2005.0,3.18,1.87999,3.55999,0.55,3.86999,"March, 23.8 (2005)",Wed
3,3,10AM_noon,17.0,2005.0,4.08999,2.98,4.33,0.39,4.47,"March, 23.8 (2005)",Thu
3,3,10PM_midnight,17.0,2005.0,1.71,1.83,1.79,0.44,1.67,"March, 23.8 (2005)",Thu
3,3,2AM_4AM,17.0,2005.0,2.094995,1.9649999999999999,2.109995,0.42000000000000004,2.189995,"March, 23.8 (2005)",Thu
3,3,2PM_4PM,17.0,2005.0,2.209995,2.0249900000000003,2.465,0.495,2.254995,"March, 23.8 (2005)",Thu
3,3,4AM_6AM,17.0,2005.0,2.05999,2.2,2.39,0.54,2.26999,"March, 23.8 (2005)",Thu
3,3,4PM_6PM,17.0,2005.0,1.99,1.85,2.01999,0.44,1.98,"March, 23.8 (2005)",Thu
3,3,6AM_8AM,17.0,2005.0,2.95,2.16,2.48,0.62,2.97,"March, 23.8 (2005)",Thu
3,3,6PM_8PM,17.0,2005.0,1.64,1.68,1.74,0.5,1.9,"March, 23.8 (2005)",Thu
3,3,8AM_10AM,17.0,2005.0,2.5799950000000003,2.395,2.4450000000000003,0.44999999999999996,2.729995,"March, 23.8 (2005)",Thu
3,3,8PM_10PM,17.0,2005.0,1.67,1.665,1.7650000000000001,0.47,1.65,"March, 23.8 (2005)",Thu
3,3,midnight_2AM,17.0,2005.0,1.86,1.71,1.71,0.45,1.81,"March, 23.8 (2005)",Thu
3,3,noon_2PM,17.0,2005.0,3.04999,1.82,3.13,0.51,3.28999,"March, 23.8 (2005)",Thu
3,4,10AM_noon,11.0,2005.0,2.54999,1.87999,2.53999,0.45,2.72,"March, 23.8 (2005)",Fri
3,4,10PM_midnight,14.5,2005.0,1.6099999999999999,1.74,1.624995,0.6,1.76,"March, 23.8 (2005)",Fri
3,4,2AM_4AM,18.0,2005.0,2.13,2.12,1.74,0.54,1.91,"March, 23.8 (2005)",Fri
3,4,2PM_4PM,14.5,2005.0,1.94,1.75,2.06,0.435,2.005,"March, 23.8 (2005)",Fri
3,4,4AM_6AM,14.5,2005.0,2.064995,1.81,2.05499,0.51,2.0799950000000003,"March, 23.8 (2005)",Fri
3,4,4PM_6PM,11.0,2005.0,1.57,1.47,1.25,0.45,1.48,"March, 23.8 (2005)",Fri
3,4,6AM_8AM,11.0,2005.0,2.37,2.21,2.24,0.58,2.23,"March, 23.8 (2005)",Fri
3,4,6PM_8PM,18.0,2005.0,1.34,1.86999,1.83,0.51,1.84,"March, 23.8 (2005)",Fri
3,4,8AM_10AM,18.0,2005.0,1.85,1.87999,2.05999,0.47,2.24,"March, 23.8 (2005)",Fri
3,4,8PM_10PM,14.5,2005.0,1.77,2.009995,1.52,0.525,1.8349950000000002,"March, 23.8 (2005)",Fri
3,4,midnight_2AM,11.0,2005.0,1.8,1.87999,2.03999,0.53,1.97,"March, 23.8 (2005)",Fri
3,4,noon_2PM,18.0,2005.0,1.47,1.97,1.52,0.41,1.92,"March, 23.8 (2005)",Fri
3,5,10AM_noon,12.0,2005.0,2.73,3.02999,3.65,0.52,3.61999,"March, 23.8 (2005)",Sat
3,5,10PM_midnight,12.0,2005.0,1.7,1.85,2.0599950000000002,0.47,1.64,"March, 23.8 (2005)",Sat
3,5,2AM_4AM,15.5,2005.0,1.934995,1.954995,2.1550000000000002,0.51,2.049995,"March, 23.8 (2005)",Sat
3,5,2PM_4PM,15.5,2005.0,1.67,1.9599950000000002,2.464995,0.525,2.319995,"March, 23.8 (2005)",Sat
3,5,4AM_6AM,12.0,2005.0,1.92,1.94,1.8,0.48,1.78,"March, 23.8 (2005)",Sat
3,5,4PM_6PM,12.0,2005.0,1.65,1.91,1.91,0.49,1.82,"March, 23.8 (2005)",Sat
3,5,6AM_8AM,19.0,2005.0,1.81,1.96,2.1,0.52,2.36,"March, 23.8 (2005)",Sat
3,5,6PM_8PM,19.0,2005.0,1.12,1.82,1.9,0.47,1.73,"March, 23.8 (2005)",Sat
3,5,8AM_10AM,15.5,2005.0,2.559995,2.5449900000000003,2.25,0.665,2.7299949999999997,"March, 23.8 (2005)",Sat
3,5,8PM_10PM,15.5,2005.0,1.37,1.81,1.6400000000000001,0.485,1.79,"March, 23.8 (2005)",Sat
3,5,midnight_2AM,19.0,2005.0,1.92,1.9999900000000002,1.81,0.5,1.82,"March, 23.8 (2005)",Sat
3,5,noon_2PM,19.0,2005.0,2.65,2.29999,2.88,0.46,3.00999,"March, 23.8 (2005)",Sat
3,6,10AM_noon,13.0,2005.0,1.99,2.12,2.32999,0.76,2.28999,"March, 23.8 (2005)",Sun
3,6,10PM_midnight,13.0,2005.0,1.74,1.8,1.76,0.62,1.81,"March, 23.8 (2005)",Sun
3,6,2AM_4AM,16.5,2005.0,1.825,1.879995,1.755,0.51,1.935,"March, 23.8 (2005)",Sun
3,6,2PM_4PM,16.5,2005.0,2.59499,2.0949999999999998,3.1149950000000004,0.44,3.38999,"March, 23.8 (2005)",Sun
3,6,4AM_6AM,13.0,2005.0,1.81,1.67,2.25999,0.46,2.12,"March, 23.8 (2005)",Sun
3,6,4PM_6PM,13.0,2005.0,1.43,1.87999,1.93,0.49,1.91,"March, 23.8 (2005)",Sun
3,6,6AM_8AM,20.0,2005.0,1.96,2.01999,2.32999,0.49,2.5899900000000002,"March, 23.8 (2005)",Sun
3,6,6PM_8PM,20.0,2005.0,1.33,1.7,1.86,0.6,1.82,"March, 23.8 (2005)",Sun
3,6,8AM_10AM,16.5,2005.0,3.6149950000000004,2.7449950000000003,3.465,0.45,4.159995,"March, 23.8 (2005)",Sun
3,6,8PM_10PM,16.5,2005.0,1.8900000000000001,2.004995,1.7850000000000001,0.44499999999999995,1.81,"March, 23.8 (2005)",Sun
3,6,midnight_2AM,20.0,2005.0,1.89,1.91,1.86,0.6,1.94,"March, 23.8 (2005)",Sun
3,6,noon_2PM,20.0,2005.0,1.68,1.61,1.9999900000000002,0.47,2.37,"March, 23.8 (2005)",Sun
4,0,10AM_noon,14.5,2005.0,9.999989999999999,2.764995,4.28499,0.86,0.605,"April, 28 (2005)",Mon
4,0,10PM_midnight,18.0,2005.0,9.999989999999999,0.82,1.95,0.59,6.629989999999999,"April, 28 (2005)",Mon
4,0,2AM_4AM,11.0,2005.0,9.999989999999999,1.71,3.04999,0.57,6.559989999999999,"April, 28 (2005)",Mon
4,0,2PM_4PM,18.0,2005.0,9.999989999999999,0.98,2.79999,0.66,9.729989999999999,"April, 28 (2005)",Mon
4,0,4AM_6AM,14.5,2005.0,9.999989999999999,2.035,3.209995,0.675,2.014995,"April, 28 (2005)",Mon
4,0,4PM_6PM,14.5,2005.0,9.999989999999999,1.165,2.19,0.5900000000000001,4.759995,"April, 28 (2005)",Mon
4,0,6AM_8AM,18.0,2005.0,9.999989999999999,1.76,3.22,0.71,2.96,"April, 28 (2005)",Mon
4,0,6PM_8PM,14.5,2005.0,9.999989999999999,0.985,2.5199949999999998,0.5700000000000001,7.069989999999999,"April, 28 (2005)",Mon
4,0,8AM_10AM,14.5,2005.0,9.999989999999999,0.965,4.934995000000001,0.985,1.48,"April, 28 (2005)",Mon
4,0,8PM_10PM,11.0,2005.0,9.999989999999999,1.05,2.43,0.55,3.99999,"April, 28 (2005)",Mon
4,0,midnight_2AM,14.5,2005.0,9.999989999999999,1.4649999999999999,2.7049950000000003,0.635,5.14999,"April, 28 (2005)",Mon
4,0,noon_2PM,11.0,2005.0,9.999989999999999,1.7,2.97,0.78,9.999989999999999,"April, 28 (2005)",Mon
4,1,10AM_noon,15.5,2005.0,9.999989999999999,2.305,5.1649899999999995,1.445,8.47499,"April, 28 (2005)",Tue
4,1,10PM_midnight,12.0,2005.0,9.999989999999999,0.93,2.77999,0.58,9.999989999999999,"April, 28 (2005)",Tue
4,1,2AM_4AM,15.5,2005.0,9.999989999999999,1.46,3.1149950000000004,0.6,1.5150000000000001,"April, 28 (2005)",Tue
4,1,2PM_4PM,12.0,2005.0,9.999989999999999,1.38,3.22,0.59,9.999989999999999,"April, 28 (2005)",Tue
4,1,4AM_6AM,12.0,2005.0,9.999989999999999,1.54,3.28999,0.67,1.79,"April, 28 (2005)",Tue
4,1,4PM_6PM,19.0,2005.0,9.999989999999999,1.94,3.31999,0.61,9.999989999999999,"April, 28 (2005)",Tue
4,1,6AM_8AM,15.5,2005.0,9.999989999999999,2.449995,4.604995000000001,1.005,0.5900000000000001,"April, 28 (2005)",Tue
4,1,6PM_8PM,15.5,2005.0,9.999989999999999,1.04,2.5149999999999997,0.565,9.519994999999998,"April, 28 (2005)",Tue
4,1,8AM_10AM,19.0,2005.0,9.999989999999999,1.7,3.39,0.75,2.68,"April, 28 (2005)",Tue
4,1,8PM_10PM,15.5,2005.0,9.999989999999999,1.13,2.879995,0.645,7.864989999999999,"April, 28 (2005)",Tue
4,1,midnight_2AM,15.5,2005.0,9.999989999999999,0.935,2.54,0.63,2.585,"April, 28 (2005)",Tue
4,1,noon_2PM,15.5,2005.0,9.999989999999999,1.864995,3.8649899999999997,0.805,8.53999,"April, 28 (2005)",Tue
4,2,10AM_noon,20.0,2005.0,9.999989999999999,1.16,2.4,0.75,6.57999,"April, 28 (2005)",Wed
4,2,10PM_midnight,16.5,2005.0,9.999989999999999,0.96,2.42,0.5549999999999999,7.594989999999999,"April, 28 (2005)",Wed
4,2,2AM_4AM,16.5,2005.0,9.999989999999999,1.085,3.01499,0.63,7.349995,"April, 28 (2005)",Wed
4,2,2PM_4PM,16.5,2005.0,9.999989999999999,1.245,2.795,0.66,9.69999,"April, 28 (2005)",Wed
4,2,4AM_6AM,16.5,2005.0,9.999989999999999,1.28,2.904995,0.67,6.979989999999999,"April, 28 (2005)",Wed
4,2,4PM_6PM,13.0,2005.0,9.999989999999999,0.99,2.98,0.59,9.12999,"April, 28 (2005)",Wed
4,2,6AM_8AM,13.0,2005.0,9.999989999999999,1.65,2.72,0.75,6.47,"April, 28 (2005)",Wed
4,2,6PM_8PM,16.5,2005.0,9.999989999999999,0.99,2.78499,0.605,9.05499,"April, 28 (2005)",Wed
4,2,8AM_10AM,16.5,2005.0,9.999989999999999,2.569995,3.8599949999999996,0.835,5.974995,"April, 28 (2005)",Wed
4,2,8PM_10PM,20.0,2005.0,9.999989999999999,0.99,2.46,0.68,7.769989999999999,"April, 28 (2005)",Wed
4,2,midnight_2AM,20.0,2005.0,9.999989999999999,1.0,2.68,0.61,5.20999,"April, 28 (2005)",Wed
4,2,noon_2PM,16.5,2005.0,9.999989999999999,1.51,3.224995,0.7,7.384989999999999,"April, 28 (2005)",Wed
4,3,10AM_noon,17.5,2005.0,9.999989999999999,1.33,2.9400000000000004,0.75,6.069995,"April, 28 (2005)",Thu
4,3,10PM_midnight,21.0,2005.0,9.999989999999999,1.28,2.75999,0.6,9.319989999999999,"April, 28 (2005)",Thu
4,3,2AM_4AM,17.5,2005.0,9.999989999999999,0.995,2.435,0.605,5.32499,"April, 28 (2005)",Thu
4,3,2PM_4PM,17.5,2005.0,9.999989999999999,1.155,2.95,0.625,9.999989999999999,"April, 28 (2005)",Thu
4,3,4AM_6AM,17.5,2005.0,9.999989999999999,1.225,2.92499,0.66,4.884995,"April, 28 (2005)",Thu
4,3,4PM_6PM,17.5,2005.0,9.999989999999999,0.96,2.625,0.56,9.999989999999999,"April, 28 (2005)",Thu
4,3,6AM_8AM,17.5,2005.0,9.999989999999999,1.255,2.545,0.655,4.179995,"April, 28 (2005)",Thu
4,3,6PM_8PM,14.0,2005.0,9.999989999999999,1.06,2.55999,0.54,9.999989999999999,"April, 28 (2005)",Thu
4,3,8AM_10AM,14.0,2005.0,9.999989999999999,2.03999,3.34999,0.7,5.50999,"April, 28 (2005)",Thu
4,3,8PM_10PM,17.5,2005.0,9.999989999999999,1.06,2.759995,0.55,9.999989999999999,"April, 28 (2005)",Thu
4,3,midnight_2AM,17.5,2005.0,9.999989999999999,1.025,2.6049949999999997,0.65,5.979989999999999,"April, 28 (2005)",Thu
4,3,noon_2PM,21.0,2005.0,9.999989999999999,1.18,2.77999,0.67,9.85999,"April, 28 (2005)",Thu
4,4,10AM_noon,15.0,2005.0,9.999989999999999,1.7,3.24999,0.71,5.20999,"April, 28 (2005)",Fri
4,4,10PM_midnight,15.0,2005.0,9.999989999999999,1.19,2.69,0.55,8.62999,"April, 28 (2005)",Fri
4,4,2AM_4AM,15.0,2005.0,9.999989999999999,1.3,2.80999,0.56,5.81999,"April, 28 (2005)",Fri
4,4,2PM_4PM,15.0,2005.0,9.999989999999999,1.71,2.71,0.6,5.76999,"April, 28 (2005)",Fri
4,4,4AM_6AM,11.5,2005.0,9.999989999999999,1.845,2.6549899999999997,0.495,3.27,"April, 28 (2005)",Fri
4,4,4PM_6PM,15.0,2005.0,9.999989999999999,1.97,3.68,0.64,9.999989999999999,"April, 28 (2005)",Fri
4,4,6AM_8AM,15.0,2005.0,9.999989999999999,1.65,3.49,0.59,2.9,"April, 28 (2005)",Fri
4,4,6PM_8PM,15.0,2005.0,9.999989999999999,1.63,2.75999,0.59,9.999989999999999,"April, 28 (2005)",Fri
4,4,8AM_10AM,15.0,2005.0,9.999989999999999,2.04999,3.55999,0.7,4.24999,"April, 28 (2005)",Fri
4,4,8PM_10PM,15.0,2005.0,9.999989999999999,1.67,2.39,0.57,9.999989999999999,"April, 28 (2005)",Fri
4,4,midnight_2AM,15.0,2005.0,9.999989999999999,1.295,2.899995,0.595,7.304995,"April, 28 (2005)",Fri
4,4,noon_2PM,15.0,2005.0,9.999989999999999,1.33,3.14,0.66,5.91999,"April, 28 (2005)",Fri
4,5,10AM_noon,16.0,2005.0,9.999989999999999,2.75999,4.20999,0.83,6.47,"April, 28 (2005)",Sat
4,5,10PM_midnight,16.0,2005.0,9.999989999999999,1.63,3.04999,0.62,9.20999,"April, 28 (2005)",Sat
4,5,2AM_4AM,16.0,2005.0,9.999989999999999,1.17,2.52999,0.58,7.509989999999999,"April, 28 (2005)",Sat
4,5,2PM_4PM,12.5,2005.0,9.999989999999999,1.2149999999999999,2.9949950000000003,0.71,8.51999,"April, 28 (2005)",Sat
4,5,4AM_6AM,16.0,2005.0,9.999989999999999,1.07,2.28999,0.58,4.43999,"April, 28 (2005)",Sat
4,5,4PM_6PM,16.0,2005.0,9.999989999999999,1.59,3.03999,0.68,7.14999,"April, 28 (2005)",Sat
4,5,6AM_8AM,16.0,2005.0,9.999989999999999,2.74,3.8599900000000003,0.66,4.85,"April, 28 (2005)",Sat
4,5,6PM_8PM,16.0,2005.0,9.999989999999999,1.67,3.29999,0.6,9.999989999999999,"April, 28 (2005)",Sat
4,5,8AM_10AM,19.5,2005.0,9.999989999999999,2.2799899999999997,7.06499,3.0649949999999997,3.995,"April, 28 (2005)",Sat
4,5,8PM_10PM,16.0,2005.0,9.999989999999999,1.21,2.82999,0.65,7.809989999999999,"April, 28 (2005)",Sat
4,5,midnight_2AM,16.0,2005.0,9.999989999999999,1.26,2.48,0.51,4.56999,"April, 28 (2005)",Sat
4,5,noon_2PM,16.0,2005.0,9.999989999999999,2.359995,5.09,1.045,6.48999,"April, 28 (2005)",Sat
4,6,10AM_noon,13.5,2005.0,9.999989999999999,4.299989999999999,5.524990000000001,1.3599999999999999,7.164994999999999,"April, 28 (2005)",Sun
4,6,10PM_midnight,13.5,2005.0,9.999989999999999,1.03,2.5349950000000003,0.5800000000000001,6.834994999999999,"April, 28 (2005)",Sun
4,6,2AM_4AM,13.5,2005.0,9.999989999999999,2.035,3.084995,0.645,2.4199900000000003,"April, 28 (2005)",Sun
4,6,2PM_4PM,13.5,2005.0,9.999989999999999,1.07,3.024995,0.54,6.134989999999999,"April, 28 (2005)",Sun
4,6,4AM_6AM,17.0,2005.0,9.999989999999999,1.42,3.0899900000000002,0.72,3.92,"April, 28 (2005)",Sun
4,6,4PM_6PM,10.0,2005.0,9.999989999999999,1.04,3.22,0.51,9.999989999999999,"April, 28 (2005)",Sun
4,6,6AM_8AM,13.5,2005.0,9.999989999999999,2.185,3.2899900000000004,0.8500000000000001,2.68999,"April, 28 (2005)",Sun
4,6,6PM_8PM,13.5,2005.0,9.999989999999999,1.5199950000000002,4.745,0.545,6.829995,"April, 28 (2005)",Sun
4,6,8AM_10AM,13.5,2005.0,9.999989999999999,3.3049999999999997,4.515,0.885,5.504995,"April, 28 (2005)",Sun
4,6,8PM_10PM,17.0,2005.0,9.999989999999999,1.01,2.78999,0.57,9.999989999999999,"April, 28 (2005)",Sun
4,6,midnight_2AM,10.0,2005.0,9.999989999999999,1.63,2.86,0.62,7.549989999999999,"April, 28 (2005)",Sun
4,6,noon_2PM,13.5,2005.0,9.999989999999999,2.67499,4.3299900000000004,0.865,7.174989999999999,"April, 28 (2005)",Sun
5,0,10AM_noon,16.0,2005.0,0.05,2.46,1.95,2.02999,0.47,"May, 31.6 (2005)",Mon
5,0,10PM_midnight,16.0,2005.0,0.1,1.01,0.9,0.67,3.32999,"May, 31.6 (2005)",Mon
5,0,2AM_4AM,16.0,2005.0,0.1,2.785,1.5150000000000001,1.905,1.319995,"May, 31.6 (2005)",Mon
5,0,2PM_4PM,16.0,2005.0,0.04,1.824995,1.37,1.614995,0.845,"May, 31.6 (2005)",Mon
5,0,4AM_6AM,16.0,2005.0,0.21,2.09,1.73,2.01999,0.65,"May, 31.6 (2005)",Mon
5,0,4PM_6PM,16.0,2005.0,0.05,2.09,2.00999,1.81,1.6,"May, 31.6 (2005)",Mon
5,0,6AM_8AM,16.0,2005.0,0.1,2.29999,1.99,2.05999,0.35,"May, 31.6 (2005)",Mon
5,0,6PM_8PM,16.0,2005.0,0.07,1.86999,1.12,0.98,1.61,"May, 31.6 (2005)",Mon
5,0,8AM_10AM,16.0,2005.0,0.055,2.314995,1.82,1.81,0.07,"May, 31.6 (2005)",Mon
5,0,8PM_10PM,16.0,2005.0,0.065,0.975,0.92,0.715,1.95,"May, 31.6 (2005)",Mon
5,0,midnight_2AM,16.0,2005.0,0.18,1.85,1.71,1.83,2.08,"May, 31.6 (2005)",Mon
5,0,noon_2PM,16.0,2005.0,0.03,1.87999,1.69,1.6,0.84,"May, 31.6 (2005)",Mon
5,1,10AM_noon,10.0,2005.0,0.01,3.07999,2.12,1.56,0.31,"May, 31.6 (2005)",Tue
5,1,10PM_midnight,10.0,2005.0,0.05,1.95,1.18,0.84,4.00999,"May, 31.6 (2005)",Tue
5,1,2AM_4AM,13.5,2005.0,0.13,2.169995,1.5750000000000002,0.875,2.124995,"May, 31.6 (2005)",Tue
5,1,2PM_4PM,10.0,2005.0,0.08,2.39,1.94,1.58,0.43,"May, 31.6 (2005)",Tue
5,1,4AM_6AM,6.5,2005.0,5.129994999999999,2.84,2.189995,1.1800000000000002,4.17,"May, 31.6 (2005)",Tue
5,1,4PM_6PM,10.0,2005.0,0.1,1.67,1.06,1.0,3.55999,"May, 31.6 (2005)",Tue
5,1,6AM_8AM,10.0,2005.0,0.1,1.8149950000000001,2.045,1.665,0.065,"May, 31.6 (2005)",Tue
5,1,6PM_8PM,13.5,2005.0,0.03,1.655,0.965,0.9950000000000001,9.96999,"May, 31.6 (2005)",Tue
5,1,8AM_10AM,13.5,2005.0,0.07500000000000001,1.714995,1.965,1.8450000000000002,0.11,"May, 31.6 (2005)",Tue
5,1,8PM_10PM,10.0,2005.0,0.04,1.87999,0.95,0.78,6.12999,"May, 31.6 (2005)",Tue
5,1,midnight_2AM,10.0,2005.0,0.18,1.57,2.005,1.31,3.39999,"May, 31.6 (2005)",Tue
5,1,noon_2PM,13.5,2005.0,0.05500000000000001,2.35,1.7649949999999999,1.7149999999999999,0.26,"May, 31.6 (2005)",Tue
5,2,10AM_noon,11.0,2005.0,0.01,2.21,1.61999,1.72,0.03,"May, 31.6 (2005)",Wed
5,2,10PM_midnight,11.0,2005.0,0.03,2.04999,1.79,1.86,1.38,"May, 31.6 (2005)",Wed
5,2,2AM_4AM,14.5,2005.0,0.04,1.7099950000000002,1.34,1.01,0.19,"May, 31.6 (2005)",Wed
5,2,2PM_4PM,14.5,2005.0,0.025,1.645,1.48,0.9650000000000001,6.144995,"May, 31.6 (2005)",Wed
5,2,4AM_6AM,11.0,2005.0,0.08,1.81,1.26,1.67,0.02,"May, 31.6 (2005)",Wed
5,2,4PM_6PM,11.0,2005.0,0.01,1.91,1.87999,1.39,1.48,"May, 31.6 (2005)",Wed
5,2,6AM_8AM,18.0,2005.0,0.04,1.8,1.76,1.81,0.02,"May, 31.6 (2005)",Wed
5,2,6PM_8PM,18.0,2005.0,0.01,1.86999,1.81,1.63,5.2,"May, 31.6 (2005)",Wed
5,2,8AM_10AM,14.5,2005.0,0.01,2.719995,2.22,1.35,0.03,"May, 31.6 (2005)",Wed
5,2,8PM_10PM,14.5,2005.0,0.04,2.165,1.825,1.775,6.56499,"May, 31.6 (2005)",Wed
5,2,midnight_2AM,18.0,2005.0,0.04,1.89,1.47,1.44,0.07,"May, 31.6 (2005)",Wed
5,2,noon_2PM,18.0,2005.0,0.01,2.5899900000000002,2.38,1.72,1.06,"May, 31.6 (2005)",Wed
5,3,10AM_noon,12.0,2005.0,0.01,2.2,1.83,1.52,1.1,"May, 31.6 (2005)",Thu
5,3,10PM_midnight,12.0,2005.0,0.01,1.87999,0.92,1.05,2.48,"May, 31.6 (2005)",Thu
5,3,2AM_4AM,15.5,2005.0,0.030000000000000002,2.114995,1.56,1.879995,0.75,"May, 31.6 (2005)",Thu
5,3,2PM_4PM,15.5,2005.0,0.025,1.9199950000000001,0.8999999999999999,0.61,6.93999,"May, 31.6 (2005)",Thu
5,3,4AM_6AM,12.0,2005.0,0.05,1.61999,2.08,2.03999,0.32,"May, 31.6 (2005)",Thu
5,3,4PM_6PM,12.0,2005.0,0.01,1.84,1.58,1.59,5.05999,"May, 31.6 (2005)",Thu
5,3,6AM_8AM,19.0,2005.0,0.01,1.61,2.04999,1.67,0.05,"May, 31.6 (2005)",Thu
5,3,6PM_8PM,19.0,2005.0,0.13,1.82,1.12,0.96,5.74999,"May, 31.6 (2005)",Thu
5,3,8AM_10AM,15.5,2005.0,0.025,2.215,1.754995,1.0499999999999998,1.81,"May, 31.6 (2005)",Thu
5,3,8PM_10PM,15.5,2005.0,0.030000000000000002,2.125,1.04,0.9450000000000001,8.899989999999999,"May, 31.6 (2005)",Thu
5,3,midnight_2AM,19.0,2005.0,0.01,1.91,1.72,1.63,0.14,"May, 31.6 (2005)",Thu
5,3,noon_2PM,19.0,2005.0,0.02,1.7499900000000002,1.7,1.48,1.69,"May, 31.6 (2005)",Thu
5,4,10AM_noon,13.0,2005.0,0.01,2.06999,1.52,1.46,0.77,"May, 31.6 (2005)",Fri
5,4,10PM_midnight,16.5,2005.0,0.07500000000000001,1.58,0.77,1.38,2.049995,"May, 31.6 (2005)",Fri
5,4,2AM_4AM,16.5,2005.0,0.025,2.155,0.87,0.01,1.615,"May, 31.6 (2005)",Fri
5,4,2PM_4PM,16.5,2005.0,0.015,1.87499,1.2,0.01,3.79999,"May, 31.6 (2005)",Fri
5,4,4AM_6AM,13.0,2005.0,0.02,1.82,1.57,1.67,0.02,"May, 31.6 (2005)",Fri
5,4,4PM_6PM,13.0,2005.0,0.02,1.58,0.8,0.87,2.92,"May, 31.6 (2005)",Fri
5,4,6AM_8AM,20.0,2005.0,0.01,1.59,1.8,1.91,0.02,"May, 31.6 (2005)",Fri
5,4,6PM_8PM,20.0,2005.0,0.57,1.99,0.81,1.64,4.18,"May, 31.6 (2005)",Fri
5,4,8AM_10AM,16.5,2005.0,0.01,2.7399950000000004,1.385,0.01,3.2049950000000003,"May, 31.6 (2005)",Fri
5,4,8PM_10PM,16.5,2005.0,0.125,1.52,0.35,1.345,3.67999,"May, 31.6 (2005)",Fri
5,4,midnight_2AM,20.0,2005.0,0.08,2.00999,0.95,0.76,0.56,"May, 31.6 (2005)",Fri
5,4,noon_2PM,20.0,2005.0,0.01,1.31,1.05,1.04,4.06,"May, 31.6 (2005)",Fri
5,5,10AM_noon,21.0,2005.0,0.04,2.5899900000000002,2.84999,2.46,0.23,"May, 31.6 (2005)",Sat
5,5,10PM_midnight,21.0,2005.0,0.06,1.63,1.72,1.73,1.44,"May, 31.6 (2005)",Sat
5,5,2AM_4AM,14.0,2005.0,0.05,2.28999,0.81,0.96,0.62,"May, 31.6 (2005)",Sat
5,5,2PM_4PM,14.0,2005.0,0.06,1.82,1.45,1.74,0.36,"May, 31.6 (2005)",Sat
5,5,4AM_6AM,21.0,2005.0,0.01,2.02999,1.66,1.85,0.14,"May, 31.6 (2005)",Sat
5,5,4PM_6PM,21.0,2005.0,0.11,1.84,1.61999,1.14,1.65,"May, 31.6 (2005)",Sat
5,5,6AM_8AM,17.5,2005.0,0.105,2.049995,0.43999999999999995,0.45,3.554995,"May, 31.6 (2005)",Sat
5,5,6PM_8PM,17.5,2005.0,0.185,1.6949999999999998,1.3049950000000001,1.33,4.00999,"May, 31.6 (2005)",Sat
5,5,8AM_10AM,14.0,2005.0,0.01,2.56999,1.68,1.98,0.69,"May, 31.6 (2005)",Sat
5,5,8PM_10PM,14.0,2005.0,0.09,1.84,1.24,1.69,3.4,"May, 31.6 (2005)",Sat
5,5,midnight_2AM,17.5,2005.0,0.11000000000000001,1.655,0.35,1.3599999999999999,3.4850000000000003,"May, 31.6 (2005)",Sat
5,5,noon_2PM,17.5,2005.0,0.01,1.9399950000000001,1.665,1.56,3.609995,"May, 31.6 (2005)",Sat
5,6,10AM_noon,15.0,2005.0,0.12,2.26999,2.52999,1.74,0.34,"May, 31.6 (2005)",Sun
5,6,10PM_midnight,15.0,2005.0,0.27,1.82,1.74,1.78,3.47,"May, 31.6 (2005)",Sun
5,6,2AM_4AM,15.0,2005.0,0.065,1.745,1.6,1.8599999999999999,2.585,"May, 31.6 (2005)",Sun
5,6,2PM_4PM,15.0,2005.0,0.055,1.53,1.555,1.58,1.71,"May, 31.6 (2005)",Sun
5,6,4AM_6AM,15.0,2005.0,0.29,1.63,2.09,2.19,2.35,"May, 31.6 (2005)",Sun
5,6,4PM_6PM,15.0,2005.0,0.12,2.19,1.9,1.82,5.27999,"May, 31.6 (2005)",Sun
5,6,6AM_8AM,15.0,2005.0,0.08,1.65,1.68,1.85,3.24999,"May, 31.6 (2005)",Sun
5,6,6PM_8PM,15.0,2005.0,0.39,1.76,1.26,1.43,2.43,"May, 31.6 (2005)",Sun
5,6,8AM_10AM,15.0,2005.0,0.22,2.4949950000000003,2.384995,2.29,0.265,"May, 31.6 (2005)",Sun
5,6,8PM_10PM,15.0,2005.0,0.495,1.74,1.6,1.725,2.849995,"May, 31.6 (2005)",Sun
5,6,midnight_2AM,11.5,2005.0,1.78,1.8450000000000002,1.575,1.7650000000000001,6.83,"May, 31.6 (2005)",Sun
5,6,noon_2PM,15.0,2005.0,0.05,1.44,1.43,1.53,2.49999,"May, 31.6 (2005)",Sun
6,0,10AM_noon,20.0,2005.0,0.5,3.74,3.19,0.0,2.00999,"June, 33.4 (2005)",Mon
6,0,10PM_midnight,16.5,2005.0,0.31,1.645,0.71,0.0,0.6200000000000001,"June, 33.4 (2005)",Mon
6,0,2AM_4AM,16.5,2005.0,0.37,1.899995,1.78,0.0,1.415,"June, 33.4 (2005)",Mon
6,0,2PM_4PM,16.5,2005.0,0.01,2.31499,0.9400000000000001,0.0,1.395,"June, 33.4 (2005)",Mon
6,0,4AM_6AM,16.5,2005.0,0.15000000000000002,3.0650000000000004,0.5700000000000001,0.0,1.5849950000000002,"June, 33.4 (2005)",Mon
6,0,4PM_6PM,13.0,2005.0,0.08,1.81,1.05,0.0,0.84,"June, 33.4 (2005)",Mon
6,0,6AM_8AM,13.0,2005.0,0.48,3.69,1.84,0.0,1.8,"June, 33.4 (2005)",Mon
6,0,6PM_8PM,16.5,2005.0,0.075,1.44,0.625,0.0,0.5800000000000001,"June, 33.4 (2005)",Mon
6,0,8AM_10AM,16.5,2005.0,0.455,3.34999,0.63,0.0,1.775,"June, 33.4 (2005)",Mon
6,0,8PM_10PM,20.0,2005.0,0.05,1.61999,0.58,0.0,0.4,"June, 33.4 (2005)",Mon
6,0,midnight_2AM,20.0,2005.0,0.11,1.58,0.54,0.0,1.27,"June, 33.4 (2005)",Mon
6,0,noon_2PM,16.5,2005.0,0.615,2.6750000000000003,1.615,0.0,1.2850000000000001,"June, 33.4 (2005)",Mon
6,1,10AM_noon,17.5,2005.0,0.5,2.79,1.5699999999999998,0.0,1.685,"June, 33.4 (2005)",Tue
6,1,10PM_midnight,21.0,2005.0,1.02,1.23,0.63,0.0,0.29,"June, 33.4 (2005)",Tue
6,1,2AM_4AM,17.5,2005.0,0.11,2.14,1.105,0.0,1.055,"June, 33.4 (2005)",Tue
6,1,2PM_4PM,17.5,2005.0,0.735,1.79,1.37,0.0,1.03,"June, 33.4 (2005)",Tue
6,1,4AM_6AM,17.5,2005.0,0.135,2.56,1.7349999999999999,0.0,1.0899999999999999,"June, 33.4 (2005)",Tue
6,1,4PM_6PM,17.5,2005.0,0.295,1.685,0.49,0.0,0.45999999999999996,"June, 33.4 (2005)",Tue
6,1,6AM_8AM,17.5,2005.0,0.06,3.024995,2.925,0.0,2.1799999999999997,"June, 33.4 (2005)",Tue
6,1,6PM_8PM,14.0,2005.0,1.21,2.61,0.93,0.0,0.61,"June, 33.4 (2005)",Tue
6,1,8AM_10AM,14.0,2005.0,0.05,3.8399900000000002,3.8599900000000003,0.0,2.04999,"June, 33.4 (2005)",Tue
6,1,8PM_10PM,17.5,2005.0,1.404995,1.575,0.7849999999999999,0.0,0.42,"June, 33.4 (2005)",Tue
6,1,midnight_2AM,17.5,2005.0,0.255,1.869995,0.55,0.0,0.46499999999999997,"June, 33.4 (2005)",Tue
6,1,noon_2PM,21.0,2005.0,0.22,1.79,1.26,0.0,0.99,"June, 33.4 (2005)",Tue
6,2,10AM_noon,15.0,2005.0,0.86,2.2,1.39,0.0,1.0,"June, 33.4 (2005)",Wed
6,2,10PM_midnight,15.0,2005.0,0.82,1.27,0.44,0.0,0.5,"June, 33.4 (2005)",Wed
6,2,2AM_4AM,15.0,2005.0,0.21,1.44,0.98,0.0,0.77,"June, 33.4 (2005)",Wed
6,2,2PM_4PM,15.0,2005.0,1.24,2.28999,1.03,0.0,0.85,"June, 33.4 (2005)",Wed
6,2,4AM_6AM,11.5,2005.0,0.325,2.4199900000000003,1.185,0.0,1.135,"June, 33.4 (2005)",Wed
6,2,4PM_6PM,15.0,2005.0,1.17,2.24999,1.44,0.0,0.8,"June, 33.4 (2005)",Wed
6,2,6AM_8AM,15.0,2005.0,0.35,3.31999,1.67,0.0,1.29,"June, 33.4 (2005)",Wed
6,2,6PM_8PM,15.0,2005.0,0.86,1.58,0.53,0.0,0.5,"June, 33.4 (2005)",Wed
6,2,8AM_10AM,15.0,2005.0,1.96,3.24999,0.64,0.0,1.7499900000000002,"June, 33.4 (2005)",Wed
6,2,8PM_10PM,15.0,2005.0,0.98,1.98,0.46,0.0,0.63,"June, 33.4 (2005)",Wed
6,2,midnight_2AM,15.0,2005.0,0.885,1.7200000000000002,0.6799999999999999,0.0,0.975,"June, 33.4 (2005)",Wed
6,2,noon_2PM,15.0,2005.0,0.99,2.50999,1.23,0.0,1.45,"June, 33.4 (2005)",Wed
6,3,10AM_noon,16.0,2005.0,0.65,3.1099900000000003,1.19,0.0,1.46,"June, 33.4 (2005)",Thu
6,3,10PM_midnight,16.0,2005.0,0.51,1.89,0.42,0.0,0.91,"June, 33.4 (2005)",Thu
6,3,2AM_4AM,16.0,2005.0,0.09,1.53,0.71,0.0,0.9,"June, 33.4 (2005)",Thu
6,3,2PM_4PM,12.5,2005.0,0.375,2.6799999999999997,0.505,0.0,1.38,"June, 33.4 (2005)",Thu
6,3,4AM_6AM,16.0,2005.0,0.06,2.77999,0.63,0.0,0.76,"June, 33.4 (2005)",Thu
6,3,4PM_6PM,16.0,2005.0,2.41,2.72,0.74,0.0,0.96,"June, 33.4 (2005)",Thu
6,3,6AM_8AM,16.0,2005.0,0.56,2.93,0.72,0.0,1.23,"June, 33.4 (2005)",Thu
6,3,6PM_8PM,16.0,2005.0,0.69,3.32999,1.03,0.0,0.34,"June, 33.4 (2005)",Thu
6,3,8AM_10AM,19.5,2005.0,1.604995,3.224995,1.05,0.0,1.3,"June, 33.4 (2005)",Thu
6,3,8PM_10PM,16.0,2005.0,0.57,2.86,0.6,0.0,0.36,"June, 33.4 (2005)",Thu
6,3,midnight_2AM,16.0,2005.0,0.66,1.45,0.46,0.0,0.71,"June, 33.4 (2005)",Thu
6,3,noon_2PM,16.0,2005.0,0.765,3.0300000000000002,0.885,0.0,1.58,"June, 33.4 (2005)",Thu
6,4,10AM_noon,13.5,2005.0,0.315,3.5399950000000002,2.129995,0.0,1.455,"June, 33.4 (2005)",Fri
6,4,10PM_midnight,13.5,2005.0,0.675,1.999995,0.715,0.0,0.825,"June, 33.4 (2005)",Fri
6,4,2AM_4AM,13.5,2005.0,0.035,2.035,0.5900000000000001,0.0,1.26,"June, 33.4 (2005)",Fri
6,4,2PM_4PM,13.5,2005.0,0.195,2.594995,2.024995,0.0,1.9699900000000001,"June, 33.4 (2005)",Fri
6,4,4AM_6AM,17.0,2005.0,0.04,2.5899900000000002,0.71,0.0,1.06,"June, 33.4 (2005)",Fri
6,4,4PM_6PM,10.0,2005.0,0.27,1.64,1.73,0.0,0.69,"June, 33.4 (2005)",Fri
6,4,6AM_8AM,13.5,2005.0,0.065,3.224995,1.5199950000000002,0.0,2.2800000000000002,"June, 33.4 (2005)",Fri
6,4,6PM_8PM,13.5,2005.0,0.6950000000000001,1.89,0.6499999999999999,0.0,0.985,"June, 33.4 (2005)",Fri
6,4,8AM_10AM,13.5,2005.0,0.185,3.904995,1.965,0.0,1.9199950000000001,"June, 33.4 (2005)",Fri
6,4,8PM_10PM,17.0,2005.0,0.04,1.82,0.62,0.0,0.73,"June, 33.4 (2005)",Fri
6,4,midnight_2AM,10.0,2005.0,0.06,2.06999,0.38,0.0,0.33,"June, 33.4 (2005)",Fri
6,4,noon_2PM,13.5,2005.0,0.38,2.725,2.9149950000000002,0.0,1.355,"June, 33.4 (2005)",Fri
6,5,10AM_noon,14.5,2005.0,0.015,3.6249900000000004,2.57,0.0,1.625,"June, 33.4 (2005)",Sat
6,5,10PM_midnight,14.5,2005.0,0.33,1.4849999999999999,0.515,0.0,0.75,"June, 33.4 (2005)",Sat
6,5,2AM_4AM,11.0,2005.0,0.03,2.14,0.74,0.0,0.56,"June, 33.4 (2005)",Sat
6,5,2PM_4PM,18.0,2005.0,0.52,2.1,1.89,0.0,1.02,"June, 33.4 (2005)",Sat
6,5,4AM_6AM,14.5,2005.0,0.065,2.114995,1.689995,0.0,1.37,"June, 33.4 (2005)",Sat
6,5,4PM_6PM,14.5,2005.0,0.435,2.17,0.5700000000000001,0.0,0.565,"June, 33.4 (2005)",Sat
6,5,6AM_8AM,18.0,2005.0,0.01,2.96,3.42,0.0,2.39,"June, 33.4 (2005)",Sat
6,5,6PM_8PM,14.5,2005.0,0.41000000000000003,1.145,0.505,0.0,0.615,"June, 33.4 (2005)",Sat
6,5,8AM_10AM,14.5,2005.0,0.055,3.464995,3.294995,0.0,2.089995,"June, 33.4 (2005)",Sat
6,5,8PM_10PM,11.0,2005.0,0.59,2.31999,0.52,0.0,1.25,"June, 33.4 (2005)",Sat
6,5,midnight_2AM,14.5,2005.0,0.13,2.135,0.575,0.0,1.01,"June, 33.4 (2005)",Sat
6,5,noon_2PM,11.0,2005.0,0.06,3.13,3.44,0.0,1.45,"June, 33.4 (2005)",Sat
6,6,10AM_noon,15.5,2005.0,0.23,3.14999,2.17,0.0,2.234995,"June, 33.4 (2005)",Sun
6,6,10PM_midnight,15.5,2005.0,0.22499999999999998,1.955,0.49,0.0,1.225,"June, 33.4 (2005)",Sun
6,6,2AM_4AM,15.5,2005.0,0.1,2.3549949999999997,0.46499999999999997,0.0,0.8799999999999999,"June, 33.4 (2005)",Sun
6,6,2PM_4PM,12.0,2005.0,0.3,2.28999,1.33,0.0,1.67,"June, 33.4 (2005)",Sun
6,6,4AM_6AM,12.0,2005.0,0.04,2.48,1.14,0.0,0.83,"June, 33.4 (2005)",Sun
6,6,4PM_6PM,19.0,2005.0,0.61,2.44,1.73,0.0,1.12,"June, 33.4 (2005)",Sun
6,6,6AM_8AM,15.5,2005.0,0.425,3.7349900000000003,1.804995,0.0,1.6099999999999999,"June, 33.4 (2005)",Sun
6,6,6PM_8PM,15.5,2005.0,0.515,2.2699949999999998,0.46499999999999997,0.0,1.45,"June, 33.4 (2005)",Sun
6,6,8AM_10AM,19.0,2005.0,0.08,2.08,2.65,0.0,2.1,"June, 33.4 (2005)",Sun
6,6,8PM_10PM,15.5,2005.0,0.615,2.0299899999999997,1.63,0.0,1.15,"June, 33.4 (2005)",Sun
6,6,midnight_2AM,15.5,2005.0,0.31999999999999995,2.215,0.655,0.0,0.81,"June, 33.4 (2005)",Sun
6,6,noon_2PM,15.5,2005.0,0.325,3.0700000000000003,1.375,0.0,1.495,"June, 33.4 (2005)",Sun
7,0,10AM_noon,11.0,2005.0,2.55999,3.05999,1.14,0.0,0.23,"July, 35.3 (2005)",Mon
7,0,10PM_midnight,11.0,2005.0,2.55999,3.28999,0.78,0.01,0.05,"July, 35.3 (2005)",Mon
7,0,2AM_4AM,18.0,2005.0,2.55999,3.4,1.03,0.01,0.11,"July, 35.3 (2005)",Mon
7,0,2PM_4PM,14.5,2005.0,2.55999,2.595,0.815,0.005,0.08,"July, 35.3 (2005)",Mon
7,0,4AM_6AM,14.5,2005.0,2.55999,3.144995,1.135,0.005,0.125,"July, 35.3 (2005)",Mon
7,0,4PM_6PM,11.0,2005.0,2.55999,3.2,0.79,0.0,0.05,"July, 35.3 (2005)",Mon
7,0,6AM_8AM,11.0,2005.0,2.55999,3.24,1.03,0.0,0.18,"July, 35.3 (2005)",Mon
7,0,6PM_8PM,18.0,2005.0,2.55999,2.15,0.72,0.01,0.07,"July, 35.3 (2005)",Mon
7,0,8AM_10AM,18.0,2005.0,2.55999,3.49,1.5,0.01,0.17,"July, 35.3 (2005)",Mon
7,0,8PM_10PM,14.5,2005.0,2.55999,2.515,0.735,0.005,0.04,"July, 35.3 (2005)",Mon
7,0,midnight_2AM,11.0,2005.0,2.55999,3.53999,1.08,0.0,0.06,"July, 35.3 (2005)",Mon
7,0,noon_2PM,18.0,2005.0,2.55999,2.78999,0.76,0.01,0.08,"July, 35.3 (2005)",Mon
7,1,10AM_noon,12.0,2005.0,2.55999,3.3399900000000002,1.44,0.0,0.08,"July, 35.3 (2005)",Tue
7,1,10PM_midnight,12.0,2005.0,2.55999,3.56999,1.1,0.0,0.04,"July, 35.3 (2005)",Tue
7,1,2AM_4AM,15.5,2005.0,2.55999,2.769995,0.865,0.005,0.065,"July, 35.3 (2005)",Tue
7,1,2PM_4PM,15.5,2005.0,2.55999,3.2849950000000003,1.25,0.005,0.13,"July, 35.3 (2005)",Tue
7,1,4AM_6AM,12.0,2005.0,2.55999,3.51999,1.3,0.0,0.07,"July, 35.3 (2005)",Tue
7,1,4PM_6PM,12.0,2005.0,2.55999,3.45,0.87,0.0,0.08,"July, 35.3 (2005)",Tue
7,1,6AM_8AM,19.0,2005.0,2.55999,2.49,1.0,0.0,0.11,"July, 35.3 (2005)",Tue
7,1,6PM_8PM,19.0,2005.0,2.55999,3.74999,1.78,0.01,0.11,"July, 35.3 (2005)",Tue
7,1,8AM_10AM,15.5,2005.0,2.55999,3.4050000000000002,1.3,0.005,0.10500000000000001,"July, 35.3 (2005)",Tue
7,1,8PM_10PM,15.5,2005.0,2.55999,3.499995,0.935,0.005,0.07,"July, 35.3 (2005)",Tue
7,1,midnight_2AM,19.0,2005.0,2.55999,1.7499900000000002,0.76,0.01,0.05,"July, 35.3 (2005)",Tue
7,1,noon_2PM,19.0,2005.0,2.55999,3.38,1.43,0.01,0.06,"July, 35.3 (2005)",Tue
7,2,10AM_noon,13.0,2005.0,2.55999,3.3399900000000002,1.45,0.0,0.13,"July, 35.3 (2005)",Wed
7,2,10PM_midnight,13.0,2005.0,2.55999,3.44,1.76,0.0,0.11,"July, 35.3 (2005)",Wed
7,2,2AM_4AM,16.5,2005.0,2.55999,3.344995,1.005,0.005,0.10500000000000001,"July, 35.3 (2005)",Wed
7,2,2PM_4PM,16.5,2005.0,2.55999,3.129995,1.315,0.005,0.15000000000000002,"July, 35.3 (2005)",Wed
7,2,4AM_6AM,13.0,2005.0,2.55999,3.74,1.44,0.0,0.1,"July, 35.3 (2005)",Wed
7,2,4PM_6PM,13.0,2005.0,2.55999,3.55999,1.87999,0.0,0.11,"July, 35.3 (2005)",Wed
7,2,6AM_8AM,20.0,2005.0,2.55999,3.55999,1.61999,0.0,0.19,"July, 35.3 (2005)",Wed
7,2,6PM_8PM,20.0,2005.0,2.55999,3.69,1.68,0.01,0.09,"July, 35.3 (2005)",Wed
7,2,8AM_10AM,16.5,2005.0,2.55999,4.014995,2.074995,0.005,0.225,"July, 35.3 (2005)",Wed
7,2,8PM_10PM,16.5,2005.0,2.55999,2.859995,1.629995,0.005,0.2,"July, 35.3 (2005)",Wed
7,2,midnight_2AM,20.0,2005.0,2.55999,3.42,1.25,0.01,0.07,"July, 35.3 (2005)",Wed
7,2,noon_2PM,20.0,2005.0,2.55999,3.57999,1.39,0.01,0.12,"July, 35.3 (2005)",Wed
7,3,10AM_noon,14.0,2005.0,2.55999,3.73,1.96,0.0,0.14,"July, 35.3 (2005)",Thu
7,3,10PM_midnight,17.5,2005.0,2.55999,3.004995,0.935,0.0,0.08,"July, 35.3 (2005)",Thu
7,3,2AM_4AM,17.5,2005.0,2.55999,3.199995,1.745,0.005,0.31,"July, 35.3 (2005)",Thu
7,3,2PM_4PM,17.5,2005.0,2.55999,3.3299900000000004,1.45,0.0,0.28500000000000003,"July, 35.3 (2005)",Thu
7,3,4AM_6AM,14.0,2005.0,2.55999,3.80999,1.93,0.0,0.29,"July, 35.3 (2005)",Thu
7,3,4PM_6PM,14.0,2005.0,2.55999,3.2,1.41,0.0,0.1,"July, 35.3 (2005)",Thu
7,3,6AM_8AM,21.0,2005.0,2.55999,3.47,1.61999,0.01,0.15,"July, 35.3 (2005)",Thu
7,3,6PM_8PM,21.0,2005.0,2.55999,3.01999,0.98,0.0,0.05,"July, 35.3 (2005)",Thu
7,3,8AM_10AM,17.5,2005.0,2.55999,3.78999,2.045,0.0,0.63,"July, 35.3 (2005)",Thu
7,3,8PM_10PM,17.5,2005.0,2.55999,2.7800000000000002,0.875,0.0,0.14,"July, 35.3 (2005)",Thu
7,3,midnight_2AM,21.0,2005.0,2.55999,3.6099900000000003,1.58,0.01,0.08,"July, 35.3 (2005)",Thu
7,3,noon_2PM,21.0,2005.0,2.55999,3.36999,1.42,0.0,0.13,"July, 35.3 (2005)",Thu
7,4,10AM_noon,15.0,2005.0,2.55999,3.42,1.67,0.0,0.25,"July, 35.3 (2005)",Fri
7,4,10PM_midnight,15.0,2005.0,2.55999,3.42,1.06,0.0,0.16,"July, 35.3 (2005)",Fri
7,4,2AM_4AM,15.0,2005.0,2.55999,3.314995,1.415,0.0,0.08499999999999999,"July, 35.3 (2005)",Fri
7,4,2PM_4PM,15.0,2005.0,2.55999,3.175,1.3450000000000002,0.0,0.1,"July, 35.3 (2005)",Fri
7,4,4AM_6AM,15.0,2005.0,2.55999,3.56999,1.41,0.0,0.21,"July, 35.3 (2005)",Fri
7,4,4PM_6PM,15.0,2005.0,2.55999,2.97,1.06,0.0,0.12,"July, 35.3 (2005)",Fri
7,4,6AM_8AM,15.0,2005.0,2.55999,3.66,1.53,0.0,0.34,"July, 35.3 (2005)",Fri
7,4,6PM_8PM,15.0,2005.0,2.55999,3.27999,1.06,0.0,0.12,"July, 35.3 (2005)",Fri
7,4,8AM_10AM,15.0,2005.0,2.55999,3.725,1.3599999999999999,0.0,0.185,"July, 35.3 (2005)",Fri
7,4,8PM_10PM,15.0,2005.0,2.55999,3.215,1.2850000000000001,0.0,0.05,"July, 35.3 (2005)",Fri
7,4,midnight_2AM,11.5,2005.0,2.55999,3.2099900000000003,1.24,0.0,0.22,"July, 35.3 (2005)",Fri
7,4,noon_2PM,15.0,2005.0,2.55999,3.1099900000000003,1.22,0.0,0.2,"July, 35.3 (2005)",Fri
7,5,10AM_noon,16.0,2005.0,2.55999,3.6099900000000003,1.76,0.0,0.21,"July, 35.3 (2005)",Sat
7,5,10PM_midnight,16.0,2005.0,2.55999,1.98,0.9,0.0,0.14,"July, 35.3 (2005)",Sat
7,5,2AM_4AM,16.0,2005.0,2.55999,3.4849900000000003,1.455,0.0,0.10500000000000001,"July, 35.3 (2005)",Sat
7,5,2PM_4PM,16.0,2005.0,2.55999,3.035,1.25,0.0,0.14,"July, 35.3 (2005)",Sat
7,5,4AM_6AM,16.0,2005.0,2.55999,3.68,1.32,0.0,0.25,"July, 35.3 (2005)",Sat
7,5,4PM_6PM,16.0,2005.0,2.55999,1.32,0.79,0.0,0.1,"July, 35.3 (2005)",Sat
7,5,6AM_8AM,16.0,2005.0,2.55999,3.31999,1.37,0.0,0.2,"July, 35.3 (2005)",Sat
7,5,6PM_8PM,16.0,2005.0,2.55999,2.75999,1.4,0.0,0.14,"July, 35.3 (2005)",Sat
7,5,8AM_10AM,16.0,2005.0,2.55999,3.3,1.505,0.0,0.28,"July, 35.3 (2005)",Sat
7,5,8PM_10PM,16.0,2005.0,2.55999,1.9149950000000002,0.925,0.0,0.125,"July, 35.3 (2005)",Sat
7,5,midnight_2AM,16.0,2005.0,2.55999,3.29999,1.41,0.0,0.18,"July, 35.3 (2005)",Sat
7,5,noon_2PM,16.0,2005.0,2.55999,3.30999,1.28,0.0,0.21,"July, 35.3 (2005)",Sat
7,6,10AM_noon,17.0,2005.0,2.55999,3.36999,1.87999,0.0,0.27,"July, 35.3 (2005)",Sun
7,6,10PM_midnight,17.0,2005.0,2.55999,1.46,0.7,0.01,0.05,"July, 35.3 (2005)",Sun
7,6,2AM_4AM,17.0,2005.0,2.55999,1.975,1.305,0.0,0.15,"July, 35.3 (2005)",Sun
7,6,2PM_4PM,17.0,2005.0,2.55999,3.26499,1.46,0.005,0.11,"July, 35.3 (2005)",Sun
7,6,4AM_6AM,17.0,2005.0,2.55999,2.4,1.32,0.0,0.27,"July, 35.3 (2005)",Sun
7,6,4PM_6PM,17.0,2005.0,2.55999,3.07999,0.79,0.0,0.1,"July, 35.3 (2005)",Sun
7,6,6AM_8AM,17.0,2005.0,2.55999,2.78999,1.78,0.0,0.3,"July, 35.3 (2005)",Sun
7,6,6PM_8PM,17.0,2005.0,2.55999,2.71,0.73,0.0,0.11,"July, 35.3 (2005)",Sun
7,6,8AM_10AM,17.0,2005.0,2.55999,3.469995,1.45,0.0,0.23500000000000001,"July, 35.3 (2005)",Sun
7,6,8PM_10PM,17.0,2005.0,2.55999,2.315,0.89,0.005,0.10500000000000001,"July, 35.3 (2005)",Sun
7,6,midnight_2AM,17.0,2005.0,2.55999,2.36,1.33,0.0,0.17,"July, 35.3 (2005)",Sun
7,6,noon_2PM,17.0,2005.0,2.55999,3.32999,1.64,0.0,0.21,"July, 35.3 (2005)",Sun
8,0,10AM_noon,15.0,2005.0,2.54999,1.9999900000000002,0.8,0.0,1.81,"August, 35.7 (2005)",Mon
8,0,10PM_midnight,15.0,2005.0,2.46,1.65,0.99,0.0,1.9999900000000002,"August, 35.7 (2005)",Mon
8,0,2AM_4AM,15.0,2005.0,2.5299899999999997,1.955,0.685,0.0,1.9,"August, 35.7 (2005)",Mon
8,0,2PM_4PM,15.0,2005.0,2.489995,1.7850000000000001,0.68,0.0,1.754995,"August, 35.7 (2005)",Mon
8,0,4AM_6AM,15.0,2005.0,2.81999,2.47,1.03,0.0,1.78,"August, 35.7 (2005)",Mon
8,0,4PM_6PM,15.0,2005.0,2.54999,1.5,0.85,0.0,1.86999,"August, 35.7 (2005)",Mon
8,0,6AM_8AM,15.0,2005.0,2.71,2.38,0.9,0.0,1.93,"August, 35.7 (2005)",Mon
8,0,6PM_8PM,15.0,2005.0,2.55999,1.7,0.94,0.0,1.9,"August, 35.7 (2005)",Mon
8,0,8AM_10AM,15.0,2005.0,2.53999,2.044995,0.665,0.0,1.7799999999999998,"August, 35.7 (2005)",Mon
8,0,8PM_10PM,15.0,2005.0,2.57499,2.02499,0.8,0.0,2.0149999999999997,"August, 35.7 (2005)",Mon
8,0,midnight_2AM,11.5,2005.0,2.415,1.855,0.7,0.005,1.095,"August, 35.7 (2005)",Mon
8,0,noon_2PM,15.0,2005.0,2.51999,1.71,0.83,0.0,1.86999,"August, 35.7 (2005)",Mon
8,1,10AM_noon,16.0,2005.0,2.36,1.96,0.73,0.0,0.67,"August, 35.7 (2005)",Tue
8,1,10PM_midnight,16.0,2005.0,2.1,1.66,0.9,0.0,0.49,"August, 35.7 (2005)",Tue
8,1,2AM_4AM,16.0,2005.0,2.214995,1.625,0.8900000000000001,0.0,1.824995,"August, 35.7 (2005)",Tue
8,1,2PM_4PM,16.0,2005.0,2.479995,1.6600000000000001,0.895,0.0,1.7650000000000001,"August, 35.7 (2005)",Tue
8,1,4AM_6AM,16.0,2005.0,2.45,1.54,1.07,0.0,1.84,"August, 35.7 (2005)",Tue
8,1,4PM_6PM,16.0,2005.0,2.27999,1.76,0.9,0.0,0.74,"August, 35.7 (2005)",Tue
8,1,6AM_8AM,16.0,2005.0,2.76999,1.85,0.91,0.0,0.84,"August, 35.7 (2005)",Tue
8,1,6PM_8PM,16.0,2005.0,1.67,1.01,0.65,0.0,0.48,"August, 35.7 (2005)",Tue
8,1,8AM_10AM,16.0,2005.0,3.21,1.935,0.92,0.0,0.96,"August, 35.7 (2005)",Tue
8,1,8PM_10PM,16.0,2005.0,2.009995,1.295,0.775,0.0,1.02,"August, 35.7 (2005)",Tue
8,1,midnight_2AM,16.0,2005.0,2.24,1.81,1.11,0.0,1.54,"August, 35.7 (2005)",Tue
8,1,noon_2PM,16.0,2005.0,2.26999,1.61,1.0,0.0,0.86,"August, 35.7 (2005)",Tue
8,2,10AM_noon,17.0,2005.0,2.74,1.77,0.86,0.0,0.79,"August, 35.7 (2005)",Wed
8,2,10PM_midnight,17.0,2005.0,2.17,1.32,0.94,0.0,0.62,"August, 35.7 (2005)",Wed
8,2,2AM_4AM,17.0,2005.0,2.495,1.21,0.665,0.0,1.2,"August, 35.7 (2005)",Wed
8,2,2PM_4PM,17.0,2005.0,2.46,1.805,0.895,0.0,1.45,"August, 35.7 (2005)",Wed
8,2,4AM_6AM,17.0,2005.0,2.56999,1.89,0.88,0.0,0.83,"August, 35.7 (2005)",Wed
8,2,4PM_6PM,17.0,2005.0,2.61,1.93,1.11,0.0,1.17,"August, 35.7 (2005)",Wed
8,2,6AM_8AM,17.0,2005.0,3.25999,2.2,0.89,0.0,0.77,"August, 35.7 (2005)",Wed
8,2,6PM_8PM,17.0,2005.0,2.41,1.76,0.99,0.0,0.49,"August, 35.7 (2005)",Wed
8,2,8AM_10AM,17.0,2005.0,2.879995,1.8900000000000001,0.79,0.0,1.25,"August, 35.7 (2005)",Wed
8,2,8PM_10PM,17.0,2005.0,2.415,1.2149999999999999,0.685,0.0,1.114995,"August, 35.7 (2005)",Wed
8,2,midnight_2AM,17.0,2005.0,2.04999,1.81,0.81,0.0,0.19,"August, 35.7 (2005)",Wed
8,2,noon_2PM,17.0,2005.0,2.41,1.97,0.8,0.0,1.05,"August, 35.7 (2005)",Wed
8,3,10AM_noon,11.0,2005.0,2.81999,1.54,0.93,0.0,0.83,"August, 35.7 (2005)",Thu
8,3,10PM_midnight,11.0,2005.0,2.76999,1.99,0.49,0.0,0.43,"August, 35.7 (2005)",Thu
8,3,2AM_4AM,18.0,2005.0,2.49,2.04999,1.03,0.0,1.78,"August, 35.7 (2005)",Thu
8,3,2PM_4PM,14.5,2005.0,2.359995,1.565,0.94,0.0,1.1400000000000001,"August, 35.7 (2005)",Thu
8,3,4AM_6AM,14.5,2005.0,2.489995,1.815,1.2349999999999999,0.0,1.205,"August, 35.7 (2005)",Thu
8,3,4PM_6PM,11.0,2005.0,2.49,1.58,0.87,0.0,0.36,"August, 35.7 (2005)",Thu
8,3,6AM_8AM,11.0,2005.0,3.07999,1.87999,1.85,0.0,1.11,"August, 35.7 (2005)",Thu
8,3,6PM_8PM,18.0,2005.0,2.41,1.54,0.46,0.0,0.85,"August, 35.7 (2005)",Thu
8,3,8AM_10AM,18.0,2005.0,2.54999,1.71,1.05,0.0,1.78,"August, 35.7 (2005)",Thu
8,3,8PM_10PM,14.5,2005.0,2.6649950000000002,1.4300000000000002,0.975,0.0,1.125,"August, 35.7 (2005)",Thu
8,3,midnight_2AM,11.0,2005.0,2.49999,1.61,0.86,0.0,0.51,"August, 35.7 (2005)",Thu
8,3,noon_2PM,18.0,2005.0,2.38,1.45,0.83,0.0,1.86,"August, 35.7 (2005)",Thu
8,4,10AM_noon,12.0,2005.0,2.77999,1.49,1.08,0.0,0.43,"August, 35.7 (2005)",Fri
8,4,10PM_midnight,12.0,2005.0,2.65,1.87999,0.55,0.0,3.34999,"August, 35.7 (2005)",Fri
8,4,2AM_4AM,15.5,2005.0,2.56,1.759995,0.9750000000000001,0.0,1.095,"August, 35.7 (2005)",Fri
8,4,2PM_4PM,15.5,2005.0,2.334995,1.3900000000000001,0.9550000000000001,0.0,0.96,"August, 35.7 (2005)",Fri
8,4,4AM_6AM,12.0,2005.0,2.82999,2.09,0.34,0.0,0.55,"August, 35.7 (2005)",Fri
8,4,4PM_6PM,12.0,2005.0,2.37,1.29,0.92,0.0,1.93,"August, 35.7 (2005)",Fri
8,4,6AM_8AM,19.0,2005.0,2.64,1.9999900000000002,0.34,0.0,1.72,"August, 35.7 (2005)",Fri
8,4,6PM_8PM,19.0,2005.0,2.46,1.66,0.58,0.0,2.12,"August, 35.7 (2005)",Fri
8,4,8AM_10AM,15.5,2005.0,3.019995,2.04,1.065,0.0,1.12,"August, 35.7 (2005)",Fri
8,4,8PM_10PM,15.5,2005.0,2.344995,1.8599999999999999,0.9550000000000001,0.0,1.665,"August, 35.7 (2005)",Fri
8,4,midnight_2AM,19.0,2005.0,2.37,1.69,0.53,0.0,1.61999,"August, 35.7 (2005)",Fri
8,4,noon_2PM,19.0,2005.0,2.44,1.65,0.85,0.0,1.66,"August, 35.7 (2005)",Fri
8,5,10AM_noon,13.0,2005.0,2.99,1.71,0.69,0.0,1.76,"August, 35.7 (2005)",Sat
8,5,10PM_midnight,13.0,2005.0,2.82999,1.86999,0.79,0.0,2.02999,"August, 35.7 (2005)",Sat
8,5,2AM_4AM,16.5,2005.0,2.639995,1.885,1.06,0.0,1.815,"August, 35.7 (2005)",Sat
8,5,2PM_4PM,16.5,2005.0,2.385,1.655,0.99,0.0,1.8599999999999999,"August, 35.7 (2005)",Sat
8,5,4AM_6AM,13.0,2005.0,2.5899900000000002,1.9,0.54,0.0,2.11,"August, 35.7 (2005)",Sat
8,5,4PM_6PM,13.0,2005.0,2.21,1.52,0.66,0.0,1.77,"August, 35.7 (2005)",Sat
8,5,6AM_8AM,20.0,2005.0,2.82999,1.81,0.6,0.0,2.05999,"August, 35.7 (2005)",Sat
8,5,6PM_8PM,20.0,2005.0,2.28999,1.72,0.46,0.0,1.91,"August, 35.7 (2005)",Sat
8,5,8AM_10AM,16.5,2005.0,2.67,1.894995,1.29,0.0,1.855,"August, 35.7 (2005)",Sat
8,5,8PM_10PM,16.5,2005.0,2.4400000000000004,1.845,0.855,0.0,1.995,"August, 35.7 (2005)",Sat
8,5,midnight_2AM,20.0,2005.0,2.47,1.85,0.55,0.0,1.61,"August, 35.7 (2005)",Sat
8,5,noon_2PM,20.0,2005.0,1.99,1.42,0.56,0.0,1.91,"August, 35.7 (2005)",Sat
8,6,10AM_noon,14.0,2005.0,2.96,1.81,0.62,0.0,1.9999900000000002,"August, 35.7 (2005)",Sun
8,6,10PM_midnight,17.5,2005.0,2.604995,1.799995,0.69,0.0,3.185,"August, 35.7 (2005)",Sun
8,6,2AM_4AM,17.5,2005.0,2.624995,1.95,0.78,0.0,1.685,"August, 35.7 (2005)",Sun
8,6,2PM_4PM,17.5,2005.0,2.6100000000000003,1.714995,0.895,0.0,1.775,"August, 35.7 (2005)",Sun
8,6,4AM_6AM,14.0,2005.0,2.52999,1.8,0.64,0.0,2.16,"August, 35.7 (2005)",Sun
8,6,4PM_6PM,14.0,2005.0,2.49999,1.7499900000000002,0.8,0.0,1.97,"August, 35.7 (2005)",Sun
8,6,6AM_8AM,21.0,2005.0,2.66,2.08,0.68,0.0,2.53999,"August, 35.7 (2005)",Sun
8,6,6PM_8PM,21.0,2005.0,2.34,1.22,0.78,0.0,2.24,"August, 35.7 (2005)",Sun
8,6,8AM_10AM,17.5,2005.0,2.885,1.76,0.7949999999999999,0.0,1.8599999999999999,"August, 35.7 (2005)",Sun
8,6,8PM_10PM,17.5,2005.0,1.88,1.195,0.615,0.0,1.335,"August, 35.7 (2005)",Sun
8,6,midnight_2AM,21.0,2005.0,2.37,1.73,0.79,0.0,1.68,"August, 35.7 (2005)",Sun
8,6,noon_2PM,21.0,2005.0,2.72,1.61999,0.89,0.0,1.69,"August, 35.7 (2005)",Sun
9,0,10AM_noon,15.5,2005.0,3.6199950000000003,1.49,1.21,0.24000000000000002,0.03,"Sep, 33.4 (2005)",Mon
9,0,10PM_midnight,12.0,2005.0,3.6299900000000003,1.97,1.18,0.01,0.02,"Sep, 33.4 (2005)",Mon
9,0,2AM_4AM,15.5,2005.0,2.335,1.42,1.25,0.325,0.02,"Sep, 33.4 (2005)",Mon
9,0,2PM_4PM,12.0,2005.0,3.16,1.82,1.4,0.04,0.2,"Sep, 33.4 (2005)",Mon
9,0,4AM_6AM,12.0,2005.0,3.43,2.37,1.67,0.01,0.02,"Sep, 33.4 (2005)",Mon
9,0,4PM_6PM,19.0,2005.0,3.24999,1.74,0.99,0.34,0.02,"Sep, 33.4 (2005)",Mon
9,0,6AM_8AM,15.5,2005.0,3.299995,2.4850000000000003,1.13,0.2,0.02,"Sep, 33.4 (2005)",Mon
9,0,6PM_8PM,15.5,2005.0,2.234995,0.755,1.38,0.245,0.02,"Sep, 33.4 (2005)",Mon
9,0,8AM_10AM,19.0,2005.0,3.74,2.24,1.65,0.41,0.02,"Sep, 33.4 (2005)",Mon
9,0,8PM_10PM,15.5,2005.0,3.469995,1.835,1.15,0.15,0.02,"Sep, 33.4 (2005)",Mon
9,0,midnight_2AM,15.5,2005.0,2.6199950000000003,1.225,0.63,0.24,0.02,"Sep, 33.4 (2005)",Mon
9,0,noon_2PM,15.5,2005.0,3.14499,1.53,2.594995,0.32,0.035,"Sep, 33.4 (2005)",Mon
9,1,10AM_noon,20.0,2005.0,3.28999,1.51,2.45,0.74,0.02,"Sep, 33.4 (2005)",Tue
9,1,10PM_midnight,16.5,2005.0,3.84999,1.575,0.7250000000000001,0.15500000000000003,0.03,"Sep, 33.4 (2005)",Tue
9,1,2AM_4AM,16.5,2005.0,3.5849900000000003,1.9999950000000002,1.365,0.32,0.03,"Sep, 33.4 (2005)",Tue
9,1,2PM_4PM,16.5,2005.0,1.645,1.28,1.2,0.049999999999999996,0.02,"Sep, 33.4 (2005)",Tue
9,1,4AM_6AM,16.5,2005.0,3.524995,1.355,1.6,0.215,0.02,"Sep, 33.4 (2005)",Tue
9,1,4PM_6PM,13.0,2005.0,3.47,1.37,0.95,0.34,0.02,"Sep, 33.4 (2005)",Tue
9,1,6AM_8AM,13.0,2005.0,3.44,1.35,1.57,0.01,0.03,"Sep, 33.4 (2005)",Tue
9,1,6PM_8PM,16.5,2005.0,2.514995,1.045,0.77,0.22,0.03,"Sep, 33.4 (2005)",Tue
9,1,8AM_10AM,16.5,2005.0,3.504995,1.984995,1.32,0.305,0.02,"Sep, 33.4 (2005)",Tue
9,1,8PM_10PM,20.0,2005.0,1.66,0.62,0.73,0.03,0.03,"Sep, 33.4 (2005)",Tue
9,1,midnight_2AM,20.0,2005.0,3.5899900000000002,1.65,1.6,0.49,0.02,"Sep, 33.4 (2005)",Tue
9,1,noon_2PM,16.5,2005.0,3.03499,1.714995,1.835,0.42,0.03,"Sep, 33.4 (2005)",Tue
9,2,10AM_noon,17.5,2005.0,2.8699950000000003,1.859995,1.245,0.44999999999999996,0.02,"Sep, 33.4 (2005)",Wed
9,2,10PM_midnight,21.0,2005.0,0.49,0.07,0.54,0.43,0.03,"Sep, 33.4 (2005)",Wed
9,2,2AM_4AM,17.5,2005.0,2.259995,0.825,0.79,0.015,0.025,"Sep, 33.4 (2005)",Wed
9,2,2PM_4PM,17.5,2005.0,3.015,1.21,0.87,0.815,0.025,"Sep, 33.4 (2005)",Wed
9,2,4AM_6AM,17.5,2005.0,3.514995,1.31,0.885,0.025,0.025,"Sep, 33.4 (2005)",Wed
9,2,4PM_6PM,17.5,2005.0,2.13,0.985,0.645,0.53,0.025,"Sep, 33.4 (2005)",Wed
9,2,6AM_8AM,17.5,2005.0,3.43499,1.6400000000000001,0.96,0.015,0.025,"Sep, 33.4 (2005)",Wed
9,2,6PM_8PM,14.0,2005.0,1.12,0.1,0.52,0.72,0.03,"Sep, 33.4 (2005)",Wed
9,2,8AM_10AM,14.0,2005.0,3.44,1.55,1.41,0.12,0.03,"Sep, 33.4 (2005)",Wed
9,2,8PM_10PM,17.5,2005.0,1.04,0.52,0.7050000000000001,0.485,0.02,"Sep, 33.4 (2005)",Wed
9,2,midnight_2AM,17.5,2005.0,1.655,0.565,0.695,0.025,0.025,"Sep, 33.4 (2005)",Wed
9,2,noon_2PM,21.0,2005.0,3.06999,0.91,0.97,0.98,0.02,"Sep, 33.4 (2005)",Wed
9,3,10AM_noon,15.0,2005.0,3.0899900000000002,2.01999,1.69,0.01,0.32,"Sep, 33.4 (2005)",Thu
9,3,10PM_midnight,15.0,2005.0,3.01999,1.1,0.81,0.31,0.03,"Sep, 33.4 (2005)",Thu
9,3,2AM_4AM,15.0,2005.0,2.11,0.6,0.64,0.01,0.03,"Sep, 33.4 (2005)",Thu
9,3,2PM_4PM,15.0,2005.0,2.93,1.76,1.74,0.49,0.04,"Sep, 33.4 (2005)",Thu
9,3,4AM_6AM,11.5,2005.0,3.7349900000000003,1.6400000000000001,0.845,0.01,0.065,"Sep, 33.4 (2005)",Thu
9,3,4PM_6PM,15.0,2005.0,3.7,1.82,1.41,0.6,0.04,"Sep, 33.4 (2005)",Thu
9,3,6AM_8AM,15.0,2005.0,3.71,1.87999,1.1,0.01,0.03,"Sep, 33.4 (2005)",Thu
9,3,6PM_8PM,15.0,2005.0,3.3599900000000003,1.67,1.24,0.51,0.05,"Sep, 33.4 (2005)",Thu
9,3,8AM_10AM,15.0,2005.0,2.03999,2.25999,1.78,0.01,0.03,"Sep, 33.4 (2005)",Thu
9,3,8PM_10PM,15.0,2005.0,3.24999,1.69,1.24,0.41,0.06,"Sep, 33.4 (2005)",Thu
9,3,midnight_2AM,15.0,2005.0,2.09499,0.6699999999999999,0.575,0.01,0.035,"Sep, 33.4 (2005)",Thu
9,3,noon_2PM,15.0,2005.0,2.87,1.89,1.73,0.26,0.02,"Sep, 33.4 (2005)",Thu
9,4,10AM_noon,16.0,2005.0,3.32999,1.86999,1.27,0.38,0.04,"Sep, 33.4 (2005)",Fri
9,4,10PM_midnight,16.0,2005.0,3.39,1.7499900000000002,1.14,0.14,0.03,"Sep, 33.4 (2005)",Fri
9,4,2AM_4AM,16.0,2005.0,3.57999,1.7,1.42,0.11,0.05,"Sep, 33.4 (2005)",Fri
9,4,2PM_4PM,12.5,2005.0,3.8599900000000003,1.9999950000000002,1.69,0.455,0.03,"Sep, 33.4 (2005)",Fri
9,4,4AM_6AM,16.0,2005.0,3.3399900000000002,2.18,1.96,0.02,0.05,"Sep, 33.4 (2005)",Fri
9,4,4PM_6PM,16.0,2005.0,3.3399900000000002,1.89,1.08,0.57,0.05,"Sep, 33.4 (2005)",Fri
9,4,6AM_8AM,16.0,2005.0,3.7,1.83,1.76,0.01,0.14,"Sep, 33.4 (2005)",Fri
9,4,6PM_8PM,16.0,2005.0,3.31999,1.7499900000000002,1.04,0.79,0.03,"Sep, 33.4 (2005)",Fri
9,4,8AM_10AM,19.5,2005.0,3.469995,2.339995,1.855,0.185,0.03,"Sep, 33.4 (2005)",Fri
9,4,8PM_10PM,16.0,2005.0,3.59999,1.87999,0.86,0.99,0.03,"Sep, 33.4 (2005)",Fri
9,4,midnight_2AM,16.0,2005.0,3.21,1.81,1.65,0.29,0.05,"Sep, 33.4 (2005)",Fri
9,4,noon_2PM,16.0,2005.0,3.264995,1.875,1.675,0.425,0.085,"Sep, 33.4 (2005)",Fri
9,5,10AM_noon,13.5,2005.0,4.13999,2.129995,2.115,0.425,0.075,"Sep, 33.4 (2005)",Sat
9,5,10PM_midnight,13.5,2005.0,3.395,1.13,1.6600000000000001,0.39,0.035,"Sep, 33.4 (2005)",Sat
9,5,2AM_4AM,13.5,2005.0,3.7449950000000003,1.87,1.6099999999999999,0.01,0.04,"Sep, 33.4 (2005)",Sat
9,5,2PM_4PM,13.5,2005.0,3.404995,1.8900000000000001,1.6099999999999999,0.33,0.045,"Sep, 33.4 (2005)",Sat
9,5,4AM_6AM,17.0,2005.0,3.84999,1.71,1.82,0.01,0.04,"Sep, 33.4 (2005)",Sat
9,5,4PM_6PM,10.0,2005.0,3.16,1.84,1.43,0.01,0.03,"Sep, 33.4 (2005)",Sat
9,5,6AM_8AM,13.5,2005.0,3.759995,1.924995,1.565,0.01,0.04,"Sep, 33.4 (2005)",Sat
9,5,6PM_8PM,13.5,2005.0,3.31,1.2849949999999999,1.43,0.46,0.04,"Sep, 33.4 (2005)",Sat
9,5,8AM_10AM,13.5,2005.0,3.71,1.81,2.1199950000000003,0.01,0.095,"Sep, 33.4 (2005)",Sat
9,5,8PM_10PM,17.0,2005.0,3.31999,0.5,1.07,0.79,0.03,"Sep, 33.4 (2005)",Sat
9,5,midnight_2AM,10.0,2005.0,3.6099900000000003,1.95,1.63,0.01,0.03,"Sep, 33.4 (2005)",Sat
9,5,noon_2PM,13.5,2005.0,3.56,1.895,1.6800000000000002,0.22,0.03,"Sep, 33.4 (2005)",Sat
9,6,10AM_noon,14.5,2005.0,3.55999,1.81,1.9649999999999999,0.31,0.025,"Sep, 33.4 (2005)",Sun
9,6,10PM_midnight,18.0,2005.0,1.5,0.55,1.45,0.47,0.02,"Sep, 33.4 (2005)",Sun
9,6,2AM_4AM,11.0,2005.0,3.53999,1.91,1.61999,0.01,0.03,"Sep, 33.4 (2005)",Sun
9,6,2PM_4PM,18.0,2005.0,3.23,1.67,1.37,0.89,0.03,"Sep, 33.4 (2005)",Sun
9,6,4AM_6AM,14.5,2005.0,3.099995,1.1400000000000001,1.7000000000000002,0.33,0.025,"Sep, 33.4 (2005)",Sun
9,6,4PM_6PM,14.5,2005.0,3.444995,1.49,1.775,0.865,0.02,"Sep, 33.4 (2005)",Sun
9,6,6AM_8AM,18.0,2005.0,3.67,1.26,2.43,0.65,0.02,"Sep, 33.4 (2005)",Sun
9,6,6PM_8PM,14.5,2005.0,1.705,0.63,0.6599999999999999,0.64,0.02,"Sep, 33.4 (2005)",Sun
9,6,8AM_10AM,14.5,2005.0,3.92999,2.185,1.93999,0.415,0.025,"Sep, 33.4 (2005)",Sun
9,6,8PM_10PM,11.0,2005.0,1.84,0.16,0.51,0.01,0.02,"Sep, 33.4 (2005)",Sun
9,6,midnight_2AM,14.5,2005.0,2.379995,0.565,1.14,0.42,0.02,"Sep, 33.4 (2005)",Sun
9,6,noon_2PM,11.0,2005.0,3.47,1.93,1.64,0.83,0.02,"Sep, 33.4 (2005)",Sun
10,0,10AM_noon,14.0,2004.5,2.5799950000000003,2.4450000000000003,1.7000000000000002,1.9149950000000002,1.9449999999999998,"Oct, 29.9 (2004) / 30.7 (2005)",Mon
10,0,10PM_midnight,14.0,2005.0,1.4700000000000002,1.764995,1.1099999999999999,1.48,1.78,"Oct, 29.9 (2004) / 30.7 (2005)",Mon
10,0,2AM_4AM,17.0,2005.0,1.71,1.89,1.27,1.71,1.9,"Oct, 29.9 (2004) / 30.7 (2005)",Mon
10,0,2PM_4PM,17.0,2004.5,1.7949950000000001,2.02999,1.31,1.865,1.88,"Oct, 29.9 (2004) / 30.7 (2005)",Mon
10,0,4AM_6AM,17.0,2005.0,2.18,2.52999,1.13,1.79,2.21,"Oct, 29.9 (2004) / 30.7 (2005)",Mon
10,0,4PM_6PM,14.0,2005.0,1.8349950000000002,1.999995,0.95,1.645,1.97,"Oct, 29.9 (2004) / 30.7 (2005)",Mon
10,0,6AM_8AM,14.0,2005.0,2.269995,2.8899999999999997,1.19,1.8199999999999998,3.01,"Oct, 29.9 (2004) / 30.7 (2005)",Mon
10,0,6PM_8PM,17.5,2005.0,1.54,1.63,0.9299999999999999,1.05,1.475,"Oct, 29.9 (2004) / 30.7 (2005)",Mon
10,0,8AM_10AM,17.0,2005.0,2.26999,2.73,1.35,1.94,1.97,"Oct, 29.9 (2004) / 30.7 (2005)",Mon
10,0,8PM_10PM,17.0,2004.5,1.66,1.8450000000000002,2.085,1.964995,1.9449999999999998,"Oct, 29.9 (2004) / 30.7 (2005)",Mon
10,0,midnight_2AM,14.0,2005.0,1.795,1.75,1.255,1.8199999999999998,1.8399999999999999,"Oct, 29.9 (2004) / 30.7 (2005)",Mon
10,0,noon_2PM,17.5,2005.0,2.094995,1.9599900000000001,1.58,1.68,1.8149950000000001,"Oct, 29.9 (2004) / 30.7 (2005)",Mon
10,1,10AM_noon,12.0,2005.0,2.95,1.9449900000000002,1.04,1.665,1.824995,"Oct, 29.9 (2004) / 30.7 (2005)",Tue
10,1,10PM_midnight,12.0,2004.5,2.535,1.77,1.76,1.865,2.234995,"Oct, 29.9 (2004) / 30.7 (2005)",Tue
10,1,2AM_4AM,18.0,2004.0,1.92,1.95,1.77,1.65,1.94,"Oct, 29.9 (2004) / 30.7 (2005)",Tue
10,1,2PM_4PM,15.0,2004.5,2.305,1.629995,1.365,1.839995,1.9449999999999998,"Oct, 29.9 (2004) / 30.7 (2005)",Tue
10,1,4AM_6AM,12.0,2005.0,2.06999,2.02999,1.05,1.81,1.8,"Oct, 29.9 (2004) / 30.7 (2005)",Tue
10,1,4PM_6PM,12.0,2004.5,2.315,1.72,1.4649999999999999,1.73,1.7149999999999999,"Oct, 29.9 (2004) / 30.7 (2005)",Tue
10,1,6AM_8AM,15.0,2004.5,1.95,2.009995,1.395,1.67,1.75,"Oct, 29.9 (2004) / 30.7 (2005)",Tue
10,1,6PM_8PM,18.0,2004.5,2.13499,1.88,1.68,1.989995,2.369995,"Oct, 29.9 (2004) / 30.7 (2005)",Tue
10,1,8AM_10AM,18.0,2004.0,2.38,2.19,2.57999,1.8,1.93,"Oct, 29.9 (2004) / 30.7 (2005)",Tue
10,1,8PM_10PM,15.0,2004.5,2.30499,1.96,1.305,1.844995,1.984995,"Oct, 29.9 (2004) / 30.7 (2005)",Tue
10,1,midnight_2AM,15.0,2004.5,1.79,1.685,1.49,1.405,1.705,"Oct, 29.9 (2004) / 30.7 (2005)",Tue
10,1,noon_2PM,18.0,2004.5,1.68,1.61,1.605,1.6899950000000001,2.035,"Oct, 29.9 (2004) / 30.7 (2005)",Tue
10,2,10AM_noon,13.0,2004.5,2.32,2.1550000000000002,1.3399999999999999,1.455,2.465,"Oct, 29.9 (2004) / 30.7 (2005)",Wed
10,2,10PM_midnight,13.0,2004.5,1.999995,1.784995,1.05,1.745,2.514995,"Oct, 29.9 (2004) / 30.7 (2005)",Wed
10,2,2AM_4AM,16.0,2004.5,2.0749950000000004,2.03499,1.4649999999999999,1.895,2.3699950000000003,"Oct, 29.9 (2004) / 30.7 (2005)",Wed
10,2,2PM_4PM,16.0,2004.5,1.9449999999999998,1.815,1.5350000000000001,1.5,2.91,"Oct, 29.9 (2004) / 30.7 (2005)",Wed
10,2,4AM_6AM,13.0,2004.5,2.4799949999999997,2.3,1.78,1.989995,2.0799950000000003,"Oct, 29.9 (2004) / 30.7 (2005)",Wed
10,2,4PM_6PM,13.0,2004.5,1.79,1.875,1.76,1.815,2.644995,"Oct, 29.9 (2004) / 30.7 (2005)",Wed
10,2,6AM_8AM,19.0,2004.5,2.13,2.319995,1.545,1.7099950000000002,2.27999,"Oct, 29.9 (2004) / 30.7 (2005)",Wed
10,2,6PM_8PM,19.0,2004.5,1.8050000000000002,1.78,1.62,1.755,2.6049949999999997,"Oct, 29.9 (2004) / 30.7 (2005)",Wed
10,2,8AM_10AM,16.0,2004.5,2.185,2.205,1.375,2.009995,2.3249950000000004,"Oct, 29.9 (2004) / 30.7 (2005)",Wed
10,2,8PM_10PM,16.0,2004.5,1.795,1.725,1.3050000000000002,1.3399999999999999,2.33,"Oct, 29.9 (2004) / 30.7 (2005)",Wed
10,2,midnight_2AM,19.0,2005.0,2.03999,1.89,1.53,1.86999,2.57999,"Oct, 29.9 (2004) / 30.7 (2005)",Wed
10,2,noon_2PM,19.0,2004.5,1.66,1.71,1.3900000000000001,1.2149999999999999,3.00999,"Oct, 29.9 (2004) / 30.7 (2005)",Wed
10,3,10AM_noon,14.0,2004.5,2.35,2.2,0.655,1.54,2.35,"Oct, 29.9 (2004) / 30.7 (2005)",Thu
10,3,10PM_midnight,14.0,2004.0,1.72,1.72,1.82,1.68,2.02999,"Oct, 29.9 (2004) / 30.7 (2005)",Thu
10,3,2AM_4AM,17.0,2004.5,1.87,1.9249999999999998,0.8200000000000001,1.095,3.17999,"Oct, 29.9 (2004) / 30.7 (2005)",Thu
10,3,2PM_4PM,17.0,2004.5,1.8199999999999998,1.6400000000000001,0.94,1.6600000000000001,2.24999,"Oct, 29.9 (2004) / 30.7 (2005)",Thu
10,3,4AM_6AM,14.0,2004.5,1.964995,2.395,0.44499999999999995,0.8699999999999999,2.879995,"Oct, 29.9 (2004) / 30.7 (2005)",Thu
10,3,4PM_6PM,14.0,2004.5,1.43,1.5899999999999999,1.095,1.4649999999999999,2.225,"Oct, 29.9 (2004) / 30.7 (2005)",Thu
10,3,6AM_8AM,20.0,2004.5,1.9049999999999998,2.82499,0.805,0.655,2.70499,"Oct, 29.9 (2004) / 30.7 (2005)",Thu
10,3,6PM_8PM,20.0,2004.5,1.7299950000000002,1.574995,0.935,1.3450000000000002,2.09,"Oct, 29.9 (2004) / 30.7 (2005)",Thu
10,3,8AM_10AM,17.0,2004.5,2.255,2.194995,0.9349999999999999,1.23,3.1049949999999997,"Oct, 29.9 (2004) / 30.7 (2005)",Thu
10,3,8PM_10PM,17.0,2004.5,1.8399999999999999,1.71,1.304995,1.6400000000000001,2.13,"Oct, 29.9 (2004) / 30.7 (2005)",Thu
10,3,midnight_2AM,20.0,2004.0,1.5,1.7,1.12,1.25,1.73,"Oct, 29.9 (2004) / 30.7 (2005)",Thu
10,3,noon_2PM,20.0,2004.5,1.864995,1.844995,1.175,1.474995,2.485,"Oct, 29.9 (2004) / 30.7 (2005)",Thu
10,4,10AM_noon,14.5,2004.0,1.86999,1.994995,1.39,1.585,2.2049950000000003,"Oct, 29.9 (2004) / 30.7 (2005)",Fri
10,4,10PM_midnight,15.0,2004.0,1.85,1.77,1.63,1.72,1.99,"Oct, 29.9 (2004) / 30.7 (2005)",Fri
10,4,2AM_4AM,15.0,2004.5,1.9149950000000002,1.9849999999999999,1.2,1.8250000000000002,2.189995,"Oct, 29.9 (2004) / 30.7 (2005)",Fri
10,4,2PM_4PM,15.0,2004.5,1.80999,1.63,1.1400000000000001,1.3599999999999999,2.314995,"Oct, 29.9 (2004) / 30.7 (2005)",Fri
10,4,4AM_6AM,14.5,2004.0,1.72,2.08,1.505,1.8050000000000002,2.42499,"Oct, 29.9 (2004) / 30.7 (2005)",Fri
10,4,4PM_6PM,14.5,2004.0,1.57,1.629995,1.705,1.7000000000000002,1.8799900000000003,"Oct, 29.9 (2004) / 30.7 (2005)",Fri
10,4,6AM_8AM,18.0,2004.0,1.845,2.0799950000000003,1.6549999999999998,1.855,2.355,"Oct, 29.9 (2004) / 30.7 (2005)",Fri
10,4,6PM_8PM,18.0,2004.0,1.85,1.744995,1.725,1.86,2.12,"Oct, 29.9 (2004) / 30.7 (2005)",Fri
10,4,8AM_10AM,15.0,2004.5,1.91,2.16,1.495,1.7349999999999999,2.38999,"Oct, 29.9 (2004) / 30.7 (2005)",Fri
10,4,8PM_10PM,15.0,2004.5,1.76,1.779995,1.475,1.78,2.075,"Oct, 29.9 (2004) / 30.7 (2005)",Fri
10,4,midnight_2AM,15.0,2004.0,1.82,1.61,1.64,1.7499900000000002,1.96,"Oct, 29.9 (2004) / 30.7 (2005)",Fri
10,4,noon_2PM,18.0,2004.0,1.6099999999999999,1.824995,1.2349999999999999,1.42,2.015,"Oct, 29.9 (2004) / 30.7 (2005)",Fri
10,5,10AM_noon,15.5,2004.5,2.16,2.2799899999999997,1.3199999999999998,1.76,1.99,"Oct, 29.9 (2004) / 30.7 (2005)",Sat
10,5,10PM_midnight,15.5,2004.5,1.929995,1.95,1.645,1.859995,1.95,"Oct, 29.9 (2004) / 30.7 (2005)",Sat
10,5,2AM_4AM,15.5,2004.5,1.87,1.9949949999999999,1.315,1.81,2.175,"Oct, 29.9 (2004) / 30.7 (2005)",Sat
10,5,2PM_4PM,15.5,2004.5,1.82,1.7349999999999999,1.435,1.73,1.9149950000000002,"Oct, 29.9 (2004) / 30.7 (2005)",Sat
10,5,4AM_6AM,15.5,2004.5,1.864995,2.054995,1.75,1.76,2.03499,"Oct, 29.9 (2004) / 30.7 (2005)",Sat
10,5,4PM_6PM,15.5,2004.5,1.815,1.6400000000000001,1.625,1.665,1.984995,"Oct, 29.9 (2004) / 30.7 (2005)",Sat
10,5,6AM_8AM,15.5,2004.5,2.145,1.97,1.58,1.6599949999999999,2.014995,"Oct, 29.9 (2004) / 30.7 (2005)",Sat
10,5,6PM_8PM,15.5,2004.5,1.78,1.635,1.5750000000000002,1.73,1.869995,"Oct, 29.9 (2004) / 30.7 (2005)",Sat
10,5,8AM_10AM,15.5,2004.5,2.13,2.03999,1.45,1.8849900000000002,2.045,"Oct, 29.9 (2004) / 30.7 (2005)",Sat
10,5,8PM_10PM,15.5,2004.5,1.7999999999999998,1.58,1.47,1.7650000000000001,1.915,"Oct, 29.9 (2004) / 30.7 (2005)",Sat
10,5,midnight_2AM,15.0,2005.0,1.84,1.81,1.72,1.69,1.9,"Oct, 29.9 (2004) / 30.7 (2005)",Sat
10,5,noon_2PM,15.5,2004.5,2.17,1.755,1.87,1.84,1.9449999999999998,"Oct, 29.9 (2004) / 30.7 (2005)",Sat
10,6,10AM_noon,16.5,2004.5,2.879995,2.719995,1.924995,1.755,2.25,"Oct, 29.9 (2004) / 30.7 (2005)",Sun
10,6,10PM_midnight,16.5,2004.5,2.019995,1.73,1.2149999999999999,1.8599999999999999,1.87499,"Oct, 29.9 (2004) / 30.7 (2005)",Sun
10,6,2AM_4AM,16.5,2004.5,1.9099949999999999,1.8899949999999999,1.2349999999999999,1.755,2.004995,"Oct, 29.9 (2004) / 30.7 (2005)",Sun
10,6,2PM_4PM,16.5,2004.5,1.844995,1.67,1.085,1.54,2.015,"Oct, 29.9 (2004) / 30.7 (2005)",Sun
10,6,4AM_6AM,16.5,2004.5,1.975,1.89,1.344995,1.4449999999999998,1.9,"Oct, 29.9 (2004) / 30.7 (2005)",Sun
10,6,4PM_6PM,16.5,2004.5,1.81,1.78,1.355,1.615,1.7349999999999999,"Oct, 29.9 (2004) / 30.7 (2005)",Sun
10,6,6AM_8AM,16.5,2004.5,2.009995,1.864995,1.285,1.435,1.999995,"Oct, 29.9 (2004) / 30.7 (2005)",Sun
10,6,6PM_8PM,16.5,2004.5,1.795,1.87,1.4849999999999999,1.75,1.994995,"Oct, 29.9 (2004) / 30.7 (2005)",Sun
10,6,8AM_10AM,16.5,2004.5,2.165,1.92,1.76,1.279995,2.455,"Oct, 29.9 (2004) / 30.7 (2005)",Sun
10,6,8PM_10PM,16.5,2004.5,1.805,1.85,1.4449999999999998,1.94,1.869995,"Oct, 29.9 (2004) / 30.7 (2005)",Sun
10,6,midnight_2AM,16.5,2004.5,1.835,1.915,1.355,1.755,1.9449999999999998,"Oct, 29.9 (2004) / 30.7 (2005)",Sun
10,6,noon_2PM,16.5,2004.5,2.4799949999999997,1.879995,1.615,1.79,1.9199950000000001,"Oct, 29.9 (2004) / 30.7 (2005)",Sun
11,0,10AM_noon,15.0,2004.0,2.28999,2.02999,1.87999,1.55,2.68,"Nov, 26.3 (2004) / 27.8 (2005)",Mon
11,0,10PM_midnight,18.0,2004.0,1.865,1.335,1.8,1.849995,2.055,"Nov, 26.3 (2004) / 27.8 (2005)",Mon
11,0,2AM_4AM,15.0,2004.0,2.16,1.94,1.65,1.76,2.03999,"Nov, 26.3 (2004) / 27.8 (2005)",Mon
11,0,2PM_4PM,15.0,2004.0,1.72,1.27,1.59,1.32,2.6,"Nov, 26.3 (2004) / 27.8 (2005)",Mon
11,0,4AM_6AM,14.5,2004.5,2.0799950000000003,1.795,1.7149999999999999,1.17,2.634995,"Nov, 26.3 (2004) / 27.8 (2005)",Mon
11,0,4PM_6PM,15.0,2004.0,1.91,1.33,1.61999,1.7,1.96,"Nov, 26.3 (2004) / 27.8 (2005)",Mon
11,0,6AM_8AM,15.0,2004.0,2.26999,1.85,1.69,0.92,2.01999,"Nov, 26.3 (2004) / 27.8 (2005)",Mon
11,0,6PM_8PM,14.5,2004.0,1.795,1.35,1.755,1.6699950000000001,2.2449950000000003,"Nov, 26.3 (2004) / 27.8 (2005)",Mon
11,0,8AM_10AM,14.5,2004.0,2.085,1.815,1.6099999999999999,1.0,2.1399999999999997,"Nov, 26.3 (2004) / 27.8 (2005)",Mon
11,0,8PM_10PM,15.0,2004.0,1.65,1.25,1.79,1.83,2.34,"Nov, 26.3 (2004) / 27.8 (2005)",Mon
11,0,midnight_2AM,15.0,2004.0,1.884995,1.7,1.745,1.55,1.9849999999999999,"Nov, 26.3 (2004) / 27.8 (2005)",Mon
11,0,noon_2PM,18.0,2004.0,1.725,1.7149999999999999,1.59,1.165,1.895,"Nov, 26.3 (2004) / 27.8 (2005)",Mon
11,1,10AM_noon,15.0,2004.5,2.2799899999999997,1.96,1.8450000000000002,1.6,2.459995,"Nov, 26.3 (2004) / 27.8 (2005)",Tue
11,1,10PM_midnight,15.5,2004.5,1.645,1.8,1.744995,1.58,2.0799950000000003,"Nov, 26.3 (2004) / 27.8 (2005)",Tue
11,1,2AM_4AM,16.0,2004.5,1.955,1.7149999999999999,1.779995,1.595,2.42,"Nov, 26.3 (2004) / 27.8 (2005)",Tue
11,1,2PM_4PM,15.0,2005.0,1.82,1.63,1.59,1.65,2.78999,"Nov, 26.3 (2004) / 27.8 (2005)",Tue
11,1,4AM_6AM,15.0,2004.0,1.96,1.73,1.72,1.33,1.96,"Nov, 26.3 (2004) / 27.8 (2005)",Tue
11,1,4PM_6PM,15.5,2004.5,1.75,1.615,1.755,1.55,1.885,"Nov, 26.3 (2004) / 27.8 (2005)",Tue
11,1,6AM_8AM,15.5,2004.5,2.22,1.9599950000000002,1.77,1.3599999999999999,2.464995,"Nov, 26.3 (2004) / 27.8 (2005)",Tue
11,1,6PM_8PM,16.0,2004.5,1.795,1.6,1.8050000000000002,1.795,2.354995,"Nov, 26.3 (2004) / 27.8 (2005)",Tue
11,1,8AM_10AM,16.0,2005.0,2.31999,1.76,1.71,1.04,3.01999,"Nov, 26.3 (2004) / 27.8 (2005)",Tue
11,1,8PM_10PM,15.0,2004.5,1.66,1.62,1.84,1.595,2.009995,"Nov, 26.3 (2004) / 27.8 (2005)",Tue
11,1,midnight_2AM,15.5,2004.5,1.81,1.57,1.84,1.72,2.1500000000000004,"Nov, 26.3 (2004) / 27.8 (2005)",Tue
11,1,noon_2PM,16.0,2004.0,1.99,1.83,1.56,1.74,2.17,"Nov, 26.3 (2004) / 27.8 (2005)",Tue
11,2,10AM_noon,16.0,2005.0,2.6,2.29999,2.04999,1.46,2.81999,"Nov, 26.3 (2004) / 27.8 (2005)",Wed
11,2,10PM_midnight,16.0,2005.0,1.83,1.4,1.55,1.55,1.87999,"Nov, 26.3 (2004) / 27.8 (2005)",Wed
11,2,2AM_4AM,16.0,2005.0,1.77,1.83,1.82,1.24,3.12,"Nov, 26.3 (2004) / 27.8 (2005)",Wed
11,2,2PM_4PM,13.0,2004.5,1.91,1.63,1.81,1.58,2.355,"Nov, 26.3 (2004) / 27.8 (2005)",Wed
11,2,4AM_6AM,16.5,2005.0,1.885,1.844995,1.745,1.08,3.04999,"Nov, 26.3 (2004) / 27.8 (2005)",Wed
11,2,4PM_6PM,13.0,2005.0,1.8,1.53,1.52,1.06,2.25,"Nov, 26.3 (2004) / 27.8 (2005)",Wed
11,2,6AM_8AM,16.0,2005.0,2.06999,1.87999,1.58,1.31,3.18,"Nov, 26.3 (2004) / 27.8 (2005)",Wed
11,2,6PM_8PM,16.0,2005.0,1.74,1.64,1.76,1.79,1.89,"Nov, 26.3 (2004) / 27.8 (2005)",Wed
11,2,8AM_10AM,16.5,2004.5,2.099995,2.029995,1.81,1.7349999999999999,2.6699900000000003,"Nov, 26.3 (2004) / 27.8 (2005)",Wed
11,2,8PM_10PM,16.5,2005.0,1.82,1.4649999999999999,1.8899949999999999,1.46,2.43499,"Nov, 26.3 (2004) / 27.8 (2005)",Wed
11,2,midnight_2AM,16.0,2005.0,1.68,1.78,1.64,1.58,2.35,"Nov, 26.3 (2004) / 27.8 (2005)",Wed
11,2,noon_2PM,16.0,2005.0,1.7899950000000002,1.64,1.6949999999999998,1.51,2.7049950000000003,"Nov, 26.3 (2004) / 27.8 (2005)",Wed
11,3,10AM_noon,14.0,2004.0,1.864995,2.094995,1.9,1.475,1.97,"Nov, 26.3 (2004) / 27.8 (2005)",Thu
11,3,10PM_midnight,17.0,2005.0,1.71,1.79,1.92,1.7,2.17,"Nov, 26.3 (2004) / 27.8 (2005)",Thu
11,3,2AM_4AM,11.0,2005.0,1.78,1.6,1.83,1.76,3.48,"Nov, 26.3 (2004) / 27.8 (2005)",Thu
11,3,2PM_4PM,17.0,2005.0,1.65,1.77,1.77,1.36,1.92,"Nov, 26.3 (2004) / 27.8 (2005)",Thu
11,3,4AM_6AM,17.0,2004.0,1.76,2.03999,1.79,1.86999,2.21,"Nov, 26.3 (2004) / 27.8 (2005)",Thu
11,3,4PM_6PM,11.0,2004.0,1.67,1.54,1.56,1.47,1.84,"Nov, 26.3 (2004) / 27.8 (2005)",Thu
11,3,6AM_8AM,17.0,2005.0,1.91,1.94,1.79,1.78,2.73,"Nov, 26.3 (2004) / 27.8 (2005)",Thu
11,3,6PM_8PM,14.0,2004.5,1.665,1.5899999999999999,1.74,1.7,2.059995,"Nov, 26.3 (2004) / 27.8 (2005)",Thu
11,3,8AM_10AM,14.0,2004.5,2.3149949999999997,2.3199899999999998,2.109995,2.0399900000000004,2.4450000000000003,"Nov, 26.3 (2004) / 27.8 (2005)",Thu
11,3,8PM_10PM,14.0,2004.5,1.72,1.744995,1.895,1.71,2.105,"Nov, 26.3 (2004) / 27.8 (2005)",Thu
11,3,midnight_2AM,10.5,2004.5,1.764995,1.34,1.8,1.48,1.915,"Nov, 26.3 (2004) / 27.8 (2005)",Thu
11,3,noon_2PM,11.0,2005.0,1.89,1.78,1.72,1.54,2.96,"Nov, 26.3 (2004) / 27.8 (2005)",Thu
11,4,10AM_noon,15.0,2004.5,2.56499,2.0,1.929995,1.67,2.13,"Nov, 26.3 (2004) / 27.8 (2005)",Fri
11,4,10PM_midnight,15.0,2004.5,1.74,1.67,1.76,1.145,2.4949950000000003,"Nov, 26.3 (2004) / 27.8 (2005)",Fri
11,4,2AM_4AM,12.0,2004.0,1.95,1.73,1.91,1.69,1.99,"Nov, 26.3 (2004) / 27.8 (2005)",Fri
11,4,2PM_4PM,15.0,2004.5,1.835,1.48,1.5550000000000002,1.27,2.71,"Nov, 26.3 (2004) / 27.8 (2005)",Fri
11,4,4AM_6AM,12.0,2005.0,1.97,1.85,1.82,1.34,2.66,"Nov, 26.3 (2004) / 27.8 (2005)",Fri
11,4,4PM_6PM,18.0,2005.0,1.93,1.43,1.56,0.89,3.15,"Nov, 26.3 (2004) / 27.8 (2005)",Fri
11,4,6AM_8AM,18.0,2004.0,2.09,1.87999,1.92,1.7499900000000002,2.2,"Nov, 26.3 (2004) / 27.8 (2005)",Fri
11,4,6PM_8PM,15.0,2004.5,1.859995,1.5,1.6,1.01,2.565,"Nov, 26.3 (2004) / 27.8 (2005)",Fri
11,4,8AM_10AM,18.0,2005.0,1.99,1.91,1.98,1.7499900000000002,2.67,"Nov, 26.3 (2004) / 27.8 (2005)",Fri
11,4,8PM_10PM,12.0,2004.0,1.81,1.66,1.52,1.25,1.99,"Nov, 26.3 (2004) / 27.8 (2005)",Fri
11,4,midnight_2AM,15.0,2004.5,1.77,1.5550000000000002,1.865,1.7149999999999999,2.165,"Nov, 26.3 (2004) / 27.8 (2005)",Fri
11,4,noon_2PM,12.0,2004.0,1.61,1.63,1.74,1.54,1.77,"Nov, 26.3 (2004) / 27.8 (2005)",Fri
11,5,10AM_noon,19.0,2005.0,3.42,2.73,2.05999,1.94,3.0899900000000002,"Nov, 26.3 (2004) / 27.8 (2005)",Sat
11,5,10PM_midnight,13.0,2004.0,1.95,1.83,1.44,1.32,2.11,"Nov, 26.3 (2004) / 27.8 (2005)",Sat
11,5,2AM_4AM,16.0,2004.5,1.87,1.869995,1.4249999999999998,1.08,2.31,"Nov, 26.3 (2004) / 27.8 (2005)",Sat
11,5,2PM_4PM,13.0,2004.0,1.6,1.59,1.61,1.37,1.94,"Nov, 26.3 (2004) / 27.8 (2005)",Sat
11,5,4AM_6AM,13.0,2004.0,2.17,2.11,1.58,1.49,2.00999,"Nov, 26.3 (2004) / 27.8 (2005)",Sat
11,5,4PM_6PM,16.0,2004.5,2.01,1.595,1.82,1.345,2.879995,"Nov, 26.3 (2004) / 27.8 (2005)",Sat
11,5,6AM_8AM,13.0,2005.0,2.2,1.89,1.2,0.87,3.17,"Nov, 26.3 (2004) / 27.8 (2005)",Sat
11,5,6PM_8PM,16.0,2004.5,1.6949999999999998,1.6400000000000001,1.755,1.205,2.575,"Nov, 26.3 (2004) / 27.8 (2005)",Sat
11,5,8AM_10AM,19.0,2004.0,2.38,1.9999900000000002,1.72,1.19,1.96,"Nov, 26.3 (2004) / 27.8 (2005)",Sat
11,5,8PM_10PM,19.0,2005.0,1.74,1.69,1.64,1.32,3.18,"Nov, 26.3 (2004) / 27.8 (2005)",Sat
11,5,midnight_2AM,19.0,2005.0,1.79,1.69,1.51,0.99,3.3599900000000003,"Nov, 26.3 (2004) / 27.8 (2005)",Sat
11,5,noon_2PM,16.0,2004.5,2.064995,2.06,1.75,1.53,2.2049950000000003,"Nov, 26.3 (2004) / 27.8 (2005)",Sat
11,6,10AM_noon,20.0,2004.0,2.12,1.99,2.08,1.55,2.54999,"Nov, 26.3 (2004) / 27.8 (2005)",Sun
11,6,10PM_midnight,20.0,2005.0,1.81,1.64,1.57,1.29,2.25999,"Nov, 26.3 (2004) / 27.8 (2005)",Sun
11,6,2AM_4AM,17.0,2005.0,1.8050000000000002,1.96,1.365,0.97,3.79999,"Nov, 26.3 (2004) / 27.8 (2005)",Sun
11,6,2PM_4PM,17.0,2004.5,1.75,1.71,1.705,1.05,2.78999,"Nov, 26.3 (2004) / 27.8 (2005)",Sun
11,6,4AM_6AM,17.0,2004.5,2.05,1.97,1.5950000000000002,0.85,3.0349950000000003,"Nov, 26.3 (2004) / 27.8 (2005)",Sun
11,6,4PM_6PM,14.0,2004.0,1.64,1.38,1.66,0.91,1.97,"Nov, 26.3 (2004) / 27.8 (2005)",Sun
11,6,6AM_8AM,14.0,2004.0,1.79,1.79,1.56,0.84,2.08,"Nov, 26.3 (2004) / 27.8 (2005)",Sun
11,6,6PM_8PM,14.0,2005.0,1.56,1.31,1.61999,1.03,3.50999,"Nov, 26.3 (2004) / 27.8 (2005)",Sun
11,6,8AM_10AM,14.0,2005.0,1.98,2.02999,1.86,1.51,3.14,"Nov, 26.3 (2004) / 27.8 (2005)",Sun
11,6,8PM_10PM,20.0,2004.0,1.81,1.37,1.74,1.24,2.03999,"Nov, 26.3 (2004) / 27.8 (2005)",Sun
11,6,midnight_2AM,20.0,2004.0,1.93,1.81,1.77,1.1,2.15,"Nov, 26.3 (2004) / 27.8 (2005)",Sun
11,6,noon_2PM,20.0,2005.0,2.63,2.04999,1.91,1.83,3.24,"Nov, 26.3 (2004) / 27.8 (2005)",Sun
12,0,10AM_noon,13.0,2004.5,2.165,1.865,1.8549950000000002,0.73,2.68,"Dec, 21.8 (2004) / 23 (2005)",Mon
12,0,10PM_midnight,13.0,2004.5,1.755,1.609995,1.6749999999999998,1.03,1.895,"Dec, 21.8 (2004) / 23 (2005)",Mon
12,0,2AM_4AM,16.0,2004.5,2.094995,1.87499,1.7850000000000001,1.3199999999999998,1.975,"Dec, 21.8 (2004) / 23 (2005)",Mon
12,0,2PM_4PM,16.0,2004.5,1.9799950000000002,1.779995,1.74999,0.6699999999999999,1.905,"Dec, 21.8 (2004) / 23 (2005)",Mon
12,0,4AM_6AM,13.0,2004.5,2.214995,1.9249999999999998,1.7999999999999998,1.005,2.025,"Dec, 21.8 (2004) / 23 (2005)",Mon
12,0,4PM_6PM,13.0,2004.5,1.8250000000000002,1.74,1.849995,0.63,1.9,"Dec, 21.8 (2004) / 23 (2005)",Mon
12,0,6AM_8AM,19.0,2004.5,2.0300000000000002,2.0449900000000003,1.915,1.055,1.705,"Dec, 21.8 (2004) / 23 (2005)",Mon
12,0,6PM_8PM,19.0,2004.5,2.2449950000000003,1.94,2.03,0.77,2.125,"Dec, 21.8 (2004) / 23 (2005)",Mon
12,0,8AM_10AM,16.0,2004.5,1.94,2.04999,1.795,0.8400000000000001,2.145,"Dec, 21.8 (2004) / 23 (2005)",Mon
12,0,8PM_10PM,16.0,2004.5,2.0399900000000004,1.7650000000000001,2.105,0.855,1.835,"Dec, 21.8 (2004) / 23 (2005)",Mon
12,0,midnight_2AM,19.0,2004.5,1.849995,1.7650000000000001,1.899995,1.02,1.7149999999999999,"Dec, 21.8 (2004) / 23 (2005)",Mon
12,0,noon_2PM,19.0,2004.5,2.01499,1.805,2.084995,1.07,1.53,"Dec, 21.8 (2004) / 23 (2005)",Mon
12,1,10AM_noon,14.0,2004.5,2.4699999999999998,2.004995,2.58,1.614995,2.335,"Dec, 21.8 (2004) / 23 (2005)",Tue
12,1,10PM_midnight,14.0,2004.0,1.93,1.79,1.87999,0.79,1.87999,"Dec, 21.8 (2004) / 23 (2005)",Tue
12,1,2AM_4AM,17.0,2004.5,2.17,1.9199950000000001,1.884995,0.75,2.035,"Dec, 21.8 (2004) / 23 (2005)",Tue
12,1,2PM_4PM,17.0,2004.5,2.67,1.82,2.069995,1.045,1.7149999999999999,"Dec, 21.8 (2004) / 23 (2005)",Tue
12,1,4AM_6AM,14.0,2004.5,2.215,2.05499,1.994995,1.005,2.009995,"Dec, 21.8 (2004) / 23 (2005)",Tue
12,1,4PM_6PM,14.0,2004.5,1.78,1.82,1.795,0.8400000000000001,1.7349999999999999,"Dec, 21.8 (2004) / 23 (2005)",Tue
12,1,6AM_8AM,20.0,2004.5,2.439995,1.9949999999999999,1.925,1.13,1.76,"Dec, 21.8 (2004) / 23 (2005)",Tue
12,1,6PM_8PM,20.0,2004.5,2.04,1.875,1.9649999999999999,0.855,1.8349950000000002,"Dec, 21.8 (2004) / 23 (2005)",Tue
12,1,8AM_10AM,17.0,2004.5,2.88999,2.19,2.58,1.305,2.319995,"Dec, 21.8 (2004) / 23 (2005)",Tue
12,1,8PM_10PM,17.0,2004.5,1.85,1.71,1.77,0.74,1.665,"Dec, 21.8 (2004) / 23 (2005)",Tue
12,1,midnight_2AM,20.0,2004.5,2.334995,1.79,2.024995,0.755,1.705,"Dec, 21.8 (2004) / 23 (2005)",Tue
12,1,noon_2PM,20.0,2004.5,2.935,2.019995,2.484995,1.275,1.6,"Dec, 21.8 (2004) / 23 (2005)",Tue
12,2,10AM_noon,14.5,2004.0,2.614995,1.68499,2.06499,1.5350000000000001,2.3949949999999998,"Dec, 21.8 (2004) / 23 (2005)",Wed
12,2,10PM_midnight,15.0,2004.0,1.86999,1.67,1.86999,1.64,1.9,"Dec, 21.8 (2004) / 23 (2005)",Wed
12,2,2AM_4AM,15.0,2004.5,1.904995,1.609995,1.83,0.7350000000000001,1.9099949999999999,"Dec, 21.8 (2004) / 23 (2005)",Wed
12,2,2PM_4PM,15.0,2004.5,2.08,1.6749999999999998,1.865,1.06,1.815,"Dec, 21.8 (2004) / 23 (2005)",Wed
12,2,4AM_6AM,14.5,2004.0,2.665,1.875,1.9649999999999999,0.8300000000000001,1.9900000000000002,"Dec, 21.8 (2004) / 23 (2005)",Wed
12,2,4PM_6PM,14.5,2004.0,1.81,1.525,1.635,1.0550000000000002,1.7000000000000002,"Dec, 21.8 (2004) / 23 (2005)",Wed
12,2,6AM_8AM,18.0,2004.0,3.004995,1.865,1.994995,0.8,1.99,"Dec, 21.8 (2004) / 23 (2005)",Wed
12,2,6PM_8PM,18.0,2004.0,2.2350000000000003,1.775,1.8549950000000002,0.98,1.785,"Dec, 21.8 (2004) / 23 (2005)",Wed
12,2,8AM_10AM,15.0,2004.5,2.6999950000000004,2.0,2.035,1.85,1.835,"Dec, 21.8 (2004) / 23 (2005)",Wed
12,2,8PM_10PM,15.0,2004.5,1.914995,1.56,1.795,0.885,1.795,"Dec, 21.8 (2004) / 23 (2005)",Wed
12,2,midnight_2AM,15.0,2004.0,2.24999,1.67,1.91,0.9,1.77,"Dec, 21.8 (2004) / 23 (2005)",Wed
12,2,noon_2PM,18.0,2004.0,2.705,1.9100000000000001,2.435,1.44,1.81,"Dec, 21.8 (2004) / 23 (2005)",Wed
12,3,10AM_noon,15.5,2004.5,2.499995,1.97,1.895,1.5549950000000001,1.849995,"Dec, 21.8 (2004) / 23 (2005)",Thu
12,3,10PM_midnight,15.5,2004.5,1.97,1.72,1.82,1.4449999999999998,1.65,"Dec, 21.8 (2004) / 23 (2005)",Thu
12,3,2AM_4AM,15.5,2004.5,2.044995,1.71,1.975,1.155,1.8549950000000002,"Dec, 21.8 (2004) / 23 (2005)",Thu
12,3,2PM_4PM,15.5,2004.5,2.189995,1.8450000000000002,2.085,1.1800000000000002,1.775,"Dec, 21.8 (2004) / 23 (2005)",Thu
12,3,4AM_6AM,15.5,2004.5,2.13,1.915,1.9099949999999999,1.315,1.9599950000000002,"Dec, 21.8 (2004) / 23 (2005)",Thu
12,3,4PM_6PM,15.5,2004.5,2.035,1.565,2.0199949999999998,1.29,1.645,"Dec, 21.8 (2004) / 23 (2005)",Thu
12,3,6AM_8AM,15.5,2004.5,2.219995,1.9449999999999998,1.83,1.125,1.4300000000000002,"Dec, 21.8 (2004) / 23 (2005)",Thu
12,3,6PM_8PM,15.5,2004.5,2.35,1.994995,2.205,1.175,1.615,"Dec, 21.8 (2004) / 23 (2005)",Thu
12,3,8AM_10AM,15.5,2004.5,2.54,2.134995,1.74,1.3450000000000002,1.844995,"Dec, 21.8 (2004) / 23 (2005)",Thu
12,3,8PM_10PM,15.5,2004.5,1.99,1.7650000000000001,1.755,1.1400000000000001,1.68,"Dec, 21.8 (2004) / 23 (2005)",Thu
12,3,midnight_2AM,15.0,2005.0,1.87999,1.65,1.96,1.03,1.74,"Dec, 21.8 (2004) / 23 (2005)",Thu
12,3,noon_2PM,15.5,2004.5,2.29999,1.8450000000000002,1.855,1.415,1.899995,"Dec, 21.8 (2004) / 23 (2005)",Thu
12,4,10AM_noon,16.5,2004.5,2.9399949999999997,1.9999950000000002,1.9449900000000002,1.4849999999999999,2.0799950000000003,"Dec, 21.8 (2004) / 23 (2005)",Fri
12,4,10PM_midnight,16.5,2004.5,1.869995,1.65,1.839995,0.96,1.904995,"Dec, 21.8 (2004) / 23 (2005)",Fri
12,4,2AM_4AM,16.5,2004.5,2.219995,1.734995,1.9299950000000001,1.1800000000000002,1.815,"Dec, 21.8 (2004) / 23 (2005)",Fri
12,4,2PM_4PM,16.5,2004.5,2.344995,1.81,2.074995,1.02,1.784995,"Dec, 21.8 (2004) / 23 (2005)",Fri
12,4,4AM_6AM,16.5,2004.5,2.265,1.9999900000000002,2.084995,1.505,1.924995,"Dec, 21.8 (2004) / 23 (2005)",Fri
12,4,4PM_6PM,16.5,2004.5,1.9949949999999999,1.705,2.08,0.915,1.705,"Dec, 21.8 (2004) / 23 (2005)",Fri
12,4,6AM_8AM,16.5,2004.5,2.4949950000000003,1.954995,2.054995,1.4,1.58,"Dec, 21.8 (2004) / 23 (2005)",Fri
12,4,6PM_8PM,16.5,2004.5,2.17,1.855,2.084995,0.9299999999999999,1.97,"Dec, 21.8 (2004) / 23 (2005)",Fri
12,4,8AM_10AM,16.5,2004.5,2.349995,1.984995,1.9949949999999999,1.635,1.585,"Dec, 21.8 (2004) / 23 (2005)",Fri
12,4,8PM_10PM,16.5,2004.5,2.234995,1.795,1.875,0.825,1.69,"Dec, 21.8 (2004) / 23 (2005)",Fri
12,4,midnight_2AM,20.0,2005.0,2.645,1.7149999999999999,2.025,1.395,1.3,"Dec, 21.8 (2004) / 23 (2005)",Fri
12,4,noon_2PM,16.5,2004.5,2.459995,1.8049950000000001,2.175,1.495,1.829995,"Dec, 21.8 (2004) / 23 (2005)",Fri
12,5,10AM_noon,14.0,2004.5,2.68,1.949995,2.26499,0.8200000000000001,2.209995,"Dec, 21.8 (2004) / 23 (2005)",Sat
12,5,10PM_midnight,14.0,2005.0,2.2299949999999997,1.764995,1.844995,1.055,1.835,"Dec, 21.8 (2004) / 23 (2005)",Sat
12,5,2AM_4AM,17.0,2005.0,2.48,1.86,2.25999,0.84,1.92,"Dec, 21.8 (2004) / 23 (2005)",Sat
12,5,2PM_4PM,17.0,2004.5,2.5700000000000003,1.7650000000000001,2.4850000000000003,1.1949999999999998,1.7650000000000001,"Dec, 21.8 (2004) / 23 (2005)",Sat
12,5,4AM_6AM,17.0,2005.0,2.14,1.85,1.82,0.92,1.82,"Dec, 21.8 (2004) / 23 (2005)",Sat
12,5,4PM_6PM,14.0,2005.0,2.294995,1.73,1.8199999999999998,1.1949999999999998,1.99,"Dec, 21.8 (2004) / 23 (2005)",Sat
12,5,6AM_8AM,14.0,2005.0,2.43,1.9,1.935,0.9299999999999999,1.895,"Dec, 21.8 (2004) / 23 (2005)",Sat
12,5,6PM_8PM,17.5,2005.0,1.985,1.66,1.9349950000000002,0.88,2.03499,"Dec, 21.8 (2004) / 23 (2005)",Sat
12,5,8AM_10AM,17.0,2005.0,2.63,2.16,2.28999,0.97,1.94,"Dec, 21.8 (2004) / 23 (2005)",Sat
12,5,8PM_10PM,17.0,2004.5,1.85,1.685,1.875,1.21,1.59,"Dec, 21.8 (2004) / 23 (2005)",Sat
12,5,midnight_2AM,11.0,2004.5,2.059995,1.83,1.824995,0.86,1.879995,"Dec, 21.8 (2004) / 23 (2005)",Sat
12,5,noon_2PM,17.5,2005.0,2.9149900000000004,1.7349999999999999,2.205,1.4,2.114995,"Dec, 21.8 (2004) / 23 (2005)",Sat
12,6,10AM_noon,12.0,2005.0,2.635,1.8349950000000002,2.295,1.375,2.08,"Dec, 21.8 (2004) / 23 (2005)",Sun
12,6,10PM_midnight,12.0,2004.5,1.835,1.82,1.94,0.9299999999999999,2.2249999999999996,"Dec, 21.8 (2004) / 23 (2005)",Sun
12,6,2AM_4AM,18.0,2004.0,1.9999900000000002,1.91,1.9,1.16,1.82,"Dec, 21.8 (2004) / 23 (2005)",Sun
12,6,2PM_4PM,15.0,2004.5,2.479995,1.82,2.045,1.245,2.065,"Dec, 21.8 (2004) / 23 (2005)",Sun
12,6,4AM_6AM,12.0,2005.0,2.21,1.9,1.77,0.91,1.92,"Dec, 21.8 (2004) / 23 (2005)",Sun
12,6,4PM_6PM,12.0,2004.5,1.81,1.719995,1.859995,0.7749999999999999,2.08,"Dec, 21.8 (2004) / 23 (2005)",Sun
12,6,6AM_8AM,15.0,2004.5,1.989995,1.91,1.7650000000000001,0.915,2.035,"Dec, 21.8 (2004) / 23 (2005)",Sun
12,6,6PM_8PM,18.0,2004.5,1.5550000000000002,1.4849999999999999,1.745,0.745,1.3650000000000002,"Dec, 21.8 (2004) / 23 (2005)",Sun
12,6,8AM_10AM,18.0,2004.0,2.52999,1.93,1.86999,1.28,1.89,"Dec, 21.8 (2004) / 23 (2005)",Sun
12,6,8PM_10PM,15.0,2004.5,1.685,1.6400000000000001,1.725,0.6950000000000001,1.7099950000000002,"Dec, 21.8 (2004) / 23 (2005)",Sun
12,6,midnight_2AM,15.0,2004.5,2.21,1.855,1.845,1.075,1.884995,"Dec, 21.8 (2004) / 23 (2005)",Sun
12,6,noon_2PM,18.0,2004.5,2.4000000000000004,1.9799950000000002,2.475,1.774995,1.704995,"Dec, 21.8 (2004) / 23 (2005)",Sun
