,,lane 1,lane 1,lane 1,lane 1,lane 1,lane 1,lane 1,lane 1,lane 2,lane 2,lane 2,lane 2,lane 2,lane 2,lane 2,lane 2,lane 3 ,lane 3 ,lane 3 ,lane 3 ,lane 3 ,lane 3 ,lane 3 ,lane 3 ,lane 4,lane 4,lane 4,lane 4,lane 4,lane 4,lane 4,lane 4,lane 5,lane 5,lane 5,lane 5,lane 5,lane 5,lane 5,lane 5
,,count,mean,std,min,25%,50%,75%,max,count,mean,std,min,25%,50%,75%,max,count,mean,std,min,25%,50%,75%,max,count,mean,std,min,25%,50%,75%,max,count,mean,std,min,25%,50%,75%,max
month,timebins_int,,,,,,,,,,,,,,,,,,,,,,,,,,,,,,,,,,,,,,,,
1,0,84.0,2.6290447619047614,1.1780254888834023,0.0,1.815,2.61,3.25999,6.12,84.0,2.174640714285714,2.1076998116160257,0.01,0.7799999999999999,1.86,2.1075,9.999989999999999,84.0,2.736424880952381,1.2059028480873932,1.05,1.96,2.339995,3.47,7.2099899999999995,84.0,1.5926179761904766,0.9062424745462764,0.41,0.945,1.6349999999999998,1.9725000000000001,5.68,84.0,1.080236904761905,0.9639620129907087,0.02,0.27,0.825,1.7449999999999999,4.12999
1,1,82.0,2.661582195121951,1.1840591093468353,0.0,1.8925,2.719995,3.2524925000000002,7.2099899999999995,82.0,2.101095487804878,2.0492734816015745,0.01,0.69,1.8050000000000002,2.06499,9.999989999999999,82.0,2.732435609756098,1.2147720019925272,1.18,1.9024999999999999,2.22,3.4524999999999997,8.17999,82.0,1.5186573170731705,0.8580756374874555,0.47,0.86,1.5350000000000001,1.935,5.2,82.0,1.1470725609756096,1.0993150722197025,0.02,0.23,0.735,1.83,4.45
1,2,84.0,2.914162619047619,1.268491599727251,0.0,2.05749,2.955,3.4849975,7.24,84.0,2.1064259523809525,2.032467115582237,0.01,0.57,1.8450000000000002,2.16,9.999989999999999,84.0,2.8911857142857142,1.2932178289424654,0.92,1.9375,2.56499,3.4474975000000003,7.56999,84.0,1.672141428571429,0.9840552744358027,0.34,0.9675,1.65,2.1125000000000003,5.74999,84.0,1.1303560714285716,0.9228443860440694,0.02,0.3275,0.9450000000000001,1.7325,4.12999
1,3,82.0,2.855361585365854,1.5422819015930276,0.0,1.9725000000000001,2.80499,3.42,9.169989999999999,82.0,2.586460487804878,2.532508448292199,0.01,1.13,1.96,2.3449975000000003,9.999989999999999,82.0,3.043410487804878,1.8006454886052186,0.74,1.8125,2.4299999999999997,3.52999,9.999989999999999,82.0,1.8345102439024388,1.322228329271588,0.12,1.0975000000000001,1.6949999999999998,2.0899975,7.089989999999999,82.0,1.2915842682926828,0.9671967524159837,0.02,0.43,1.2,1.9175,4.12
1,4,82.0,3.0040196341463417,1.5473622178527353,0.0,2.0925000000000002,2.78499,3.4949925000000004,9.83,82.0,2.533655487804878,2.5009133572792277,0.01,1.005,1.8899949999999999,2.415,9.999989999999999,82.0,3.0636543902439026,1.722245545823499,0.85,1.895,2.709995,3.54249,9.999989999999999,82.0,1.8579251219512196,1.291092139761407,0.16,1.045,1.68,2.12,7.189989999999999,82.0,1.4679253658536584,1.461360822195325,0.02,0.39,1.355,1.9725,9.17999
1,5,86.0,3.344181046511628,1.5125944996260203,0.0,2.50249,3.06499,4.0099925,9.38999,86.0,3.0298803488372092,2.702141418713269,0.01,0.6799999999999999,2.12,4.1874925,9.999989999999999,86.0,3.758599651162791,2.1326755616589983,1.09,2.03249,3.4050000000000002,4.70999,9.999989999999999,86.0,2.2583696511627904,1.4982153399408227,0.11,1.3725,1.93,2.665,7.129989999999999,86.0,1.5961605813953486,1.5516943470408344,0.02,0.445,1.17,2.3424975000000003,9.999989999999999
1,6,82.0,3.0415818292682935,1.6271306321624284,0.0,2.0925000000000002,2.80499,3.7175,9.74,82.0,2.900728048780488,2.520864799530549,0.01,1.2825,2.01999,3.6724975,9.999989999999999,82.0,3.3632892682926827,1.9638651000330578,1.16,1.9475,2.92,4.0724975,9.999989999999999,82.0,2.0389000000000004,1.4696599353944788,0.08,1.275,1.754995,2.375,6.03999,82.0,1.3974370731707317,1.179717056352123,0.02,0.325,1.4249999999999998,2.2175,5.12999
1,7,84.0,2.7491644047619044,1.3001864813026986,0.0,1.775,2.705,3.31499,7.16,84.0,2.1742829761904763,2.001714040564296,0.01,1.2575,1.739995,2.3374924999999998,9.999989999999999,84.0,2.814639166666667,1.481587774832471,0.94,1.805,2.2949900000000003,3.2874925,7.93,84.0,1.5888076190476188,1.036947302472554,0.0,0.9874999999999999,1.5350000000000001,1.8924925,6.85999,84.0,0.9892844047619048,0.8565685519424291,0.02,0.20500000000000002,0.725,1.7525,2.82999
1,8,82.0,2.753288536585366,1.1001195861854942,0.0,1.975,2.844995,3.3174900000000003,6.89999,82.0,1.9334126829268292,1.7335161577243745,0.01,0.57,1.7499900000000002,2.1675,9.999989999999999,82.0,2.691338780487805,1.2816280677657284,0.56,1.8424975000000001,2.309995,3.1675,7.839989999999999,82.0,1.5508529268292681,0.9364791597405491,0.47,0.9725,1.54,1.8375000000000001,6.14,82.0,0.9932919512195122,1.1065001579961606,0.02,0.1225,0.685,1.5950000000000002,7.509989999999999
1,9,82.0,2.6379235365853657,1.2028888254781394,0.0,1.9049999999999998,2.76499,3.28749,6.669989999999999,82.0,2.0725590243902436,1.7848476838423928,0.01,1.4525,1.835,2.23,9.999989999999999,82.0,2.475363048780488,1.0799505572492363,1.11,1.695,2.06999,3.18,7.7099899999999995,82.0,1.483169756097561,0.7536907765386585,0.35,0.94,1.5550000000000002,1.8874975,4.97,82.0,1.056097195121951,1.0154319228517275,0.02,0.2625,0.915,1.6375,5.85
1,10,84.0,2.657972738095238,1.0105549136487542,0.0,1.9974925000000001,2.7199999999999998,3.175,5.87999,84.0,2.1846402380952377,2.139788571162922,0.01,1.4,1.86,2.145,9.999989999999999,84.0,2.516187380952381,1.044392210251504,1.15,1.7774999999999999,2.17,3.0949925,8.45,84.0,1.4809508333333334,0.7917747128334105,0.47,0.905,1.605,1.8425000000000002,5.87999,84.0,1.124880238095238,1.0462871936115845,0.02,0.245,1.065,1.81,4.14
1,11,84.0,2.7190440476190476,1.0891521165623905,0.0,1.96,2.675,3.405,5.74999,84.0,1.98487869047619,1.8180856145949398,0.01,0.57,1.77,2.1574999999999998,9.999989999999999,84.0,2.6780913095238095,1.1735986300149481,1.25,1.92,2.185,3.31999,8.17999,84.0,1.562736428571429,0.8211337857178526,0.45,0.92,1.68,1.9924975,5.76999,84.0,1.0021416666666667,0.8837465367098116,0.02,0.2475,0.775,1.7125,3.93
2,0,86.0,2.0197644186046513,1.0296707893629424,0.0,1.7225000000000001,1.935,2.5799900000000004,4.39,86.0,1.9508119767441863,0.7438065221339403,1.05,1.6524999999999999,1.86,2.0274900000000002,7.77999,86.0,1.9245332558139536,0.6485820648904118,0.62,1.58,1.8549950000000002,2.15,3.98,86.0,1.0682546511627904,0.6723272279630397,0.15,0.54,0.845,1.8,2.51999,86.0,1.7036029069767442,1.0244557122501872,0.25,0.8125,1.75,2.36,4.22
2,1,82.0,2.172801707317073,0.9099236010417863,0.0,1.8175,2.08,2.57749,4.72999,82.0,1.9609732926829266,0.37749721482761256,1.27,1.7524925,1.895,2.0875,3.51999,82.0,1.8690226829268293,0.6486883868238436,0.59,1.5150000000000001,1.815,2.1325,4.26999,82.0,1.0114628048780487,0.615267846291101,0.06,0.52,0.795,1.5775000000000001,2.29999,82.0,1.7769495121951218,1.0437856098893608,0.25,0.8624999999999999,1.815,2.5249900000000003,4.58
2,2,82.0,2.3448737804878053,1.2132766103811106,0.0,1.8925,2.17,2.9325,7.639989999999999,82.0,2.150851219512195,0.7099349560440794,1.34,1.8525000000000003,1.99,2.1475,6.39,82.0,2.148412317073171,1.0304488108925516,0.8,1.685,1.86,2.2549925,8.34999,82.0,1.1385358536585368,0.7136733597277292,0.08,0.5525,1.16,1.74,3.27999,82.0,2.0019493902439027,1.3247132659303003,0.31,1.1375,1.855,2.6049975,7.77999
2,3,86.0,2.5255782558139535,1.436533287614311,0.0,1.86,2.17,3.00999,9.149989999999999,86.0,2.127323372093023,0.9327106951305147,1.25,1.8,1.895,2.2,8.229989999999999,86.0,2.1854633720930234,1.3138592145732677,1.18,1.6025000000000003,1.91,2.2075,9.999989999999999,86.0,1.1886036046511628,0.8191459922151532,0.1,0.40750000000000003,1.295,1.8175,4.77999,86.0,2.064997790697675,1.5475754665680435,0.31,1.0150000000000001,1.77,2.7424925,9.35999
2,4,82.0,2.808045609756098,1.9687634258747213,0.0,1.8574975000000002,2.26999,3.05999,9.999989999999999,82.0,2.590362804878049,1.4896165610240846,1.45,1.815,2.0049900000000003,2.58249,9.38999,82.0,2.520973536585366,1.9049966756857495,0.94,1.5425,1.915,2.25749,9.999989999999999,82.0,1.4115837804878049,1.0705738597047205,0.1,0.49,1.44,1.8774899999999999,5.91,82.0,2.431338170731707,2.1432309795422078,0.33,0.8275,1.99,3.06499,9.999989999999999
2,5,80.0,2.7831212499999998,1.9356885133185437,0.0,1.9124999999999999,2.334995,3.07499,9.95999,80.0,2.5333727500000003,1.4035317169865735,1.34,1.77,2.02499,2.4275,8.91,80.0,2.593247125,2.0068465637255875,0.73,1.565,1.9649999999999999,2.4275,9.999989999999999,80.0,1.3797488750000002,1.0336536522734352,0.1,0.41000000000000003,1.565,1.8774925000000002,5.47999,80.0,2.5392470000000005,2.197575082577514,0.34,0.7400000000000001,2.084995,3.25249,9.999989999999999
2,6,88.0,2.8348827272727273,1.8446774000523074,0.0,1.8649925,2.5799950000000003,3.1425,9.17999,88.0,2.6782919318181815,1.7049937508341726,0.63,1.79,2.01999,2.5624975,9.999989999999999,88.0,2.5574976136363636,1.964297031263315,0.56,1.6474999999999997,1.9049999999999998,2.26249,9.999989999999999,88.0,1.4370438636363636,0.9823241674844314,0.08,0.41,1.6349999999999998,2.03999,4.74,88.0,2.4118153409090906,2.1794838648776347,0.23,0.4925,1.8899949999999999,3.1599999999999997,9.35999
2,7,80.0,2.388497375,1.3145584808747983,0.0,1.76,2.09,3.0524899999999997,6.91,80.0,2.08674825,1.1270439429122214,0.98,1.6675,1.82,2.0724925,9.999989999999999,80.0,2.081123125,1.1427389952432727,0.62,1.46,1.85,2.3425,7.43,80.0,1.1829990000000001,0.7284138297361509,0.14,0.535,1.025,1.8325,2.68,80.0,1.950747625,1.435887840223561,0.26,0.435,1.839995,2.7524975,6.95
2,8,82.0,2.21609512195122,1.2054303358421437,0.0,1.71,2.0949999999999998,3.0049925,6.3299900000000004,82.0,2.117315,1.3558862485758754,1.01,1.6549999999999998,1.85,2.01999,9.999989999999999,82.0,1.9336559756097564,0.8689795461171823,0.72,1.5225000000000002,1.86999,2.1625,6.49,82.0,1.0956089024390243,0.6369788171972752,0.09,0.4675,1.0150000000000001,1.7175,2.1,82.0,1.7258517073170734,1.2668139549764106,0.27,0.4725,1.7850000000000001,2.56249,6.16
2,9,86.0,2.1727879069767444,1.0963560294089918,0.0,1.66,1.9949949999999999,2.9325,5.85,86.0,1.986044069767442,0.9774889664193029,1.22,1.6249925,1.84,2.00999,9.999989999999999,86.0,1.908021395348837,0.813711396462006,0.64,1.4274999999999998,1.8250000000000002,2.1425,5.72999,86.0,1.0520927906976745,0.5848659267149355,0.12,0.555,0.915,1.6349974999999999,1.9999900000000002,86.0,1.7410446511627906,1.223274709901253,0.24,0.4675,1.8250000000000002,2.31499,5.68
2,10,82.0,2.1380463414634145,1.194363633575919,0.0,1.6724999999999999,1.99,2.78999,5.76999,82.0,2.0321931707317074,0.9534431404112308,1.06,1.7125,1.835,2.095,9.27999,82.0,1.8958520731707316,0.8610929544103558,0.81,1.4649999999999999,1.71,2.06999,5.8299900000000004,82.0,1.0628042682926828,0.573218846870445,0.09,0.57,0.98,1.6075,2.4,82.0,1.7159740243902442,1.2346973373618908,0.27,0.645,1.665,2.32749,5.91
2,11,82.0,2.0706071951219513,1.0624270116969887,0.0,1.7075,1.884995,2.53499,5.26999,82.0,1.992070365853659,0.8171305418495391,1.26,1.6825,1.835,2.01999,8.46,82.0,1.8895107317073172,0.7942053080005498,0.66,1.45,1.7349999999999999,2.1675,4.97999,82.0,1.022072926829268,0.5846652143663871,0.06,0.54,0.9,1.5450000000000002,2.23,82.0,1.7503641463414632,1.1090424427639056,0.2,0.765,1.78,2.43,5.25999
3,0,42.0,3.0647595238095238,2.98395736651437,0.72,1.6225,1.855,2.0949975,9.999989999999999,42.0,2.181425476190476,1.2523741498337142,1.05,1.71,1.91,2.0449900000000003,7.27999,42.0,2.4523788095238097,1.6312329478338,1.08,1.6125,1.999995,2.37,8.04999,42.0,0.7197616666666666,0.9132603055628042,0.25,0.45,0.51,0.595,4.60999,42.0,2.513807380952381,1.7399258938705597,1.41,1.7775,1.9049999999999998,2.165,9.18999
3,1,41.0,2.675850731707317,2.2839950269630513,0.52,1.73,1.98,2.24,9.999989999999999,41.0,2.18219243902439,1.0493881732080375,0.83,1.86999,1.97,2.12,7.479989999999999,41.0,2.304388536585366,1.4758544404116567,1.17,1.65,1.86999,2.35,8.18999,41.0,0.626829024390244,0.7796890781196208,0.22,0.36,0.46,0.6,4.89999,41.0,2.4180460975609757,1.5155267737157896,1.18,1.83,1.94,2.27999,9.21999
3,2,42.0,3.156425,2.5057779640762265,0.62,1.9049999999999998,2.04999,2.79,9.999989999999999,42.0,2.525712142857143,1.5353495049845398,1.31,1.735,1.9649999999999999,2.1775,7.99,42.0,2.983806428571429,2.2215929237196175,1.17,1.6175,2.135,3.1225000000000005,9.999989999999999,42.0,0.8478569047619047,1.0510368457965178,0.24,0.4025,0.51,0.6075,5.37999,42.0,3.014520476190476,2.0858297240315244,1.18,1.7975,2.105,2.86,9.67999
3,3,41.0,3.8321919512195115,3.0879002324016382,0.88,1.79,2.37,4.60999,9.999989999999999,41.0,3.026581463414634,2.0301763338409313,0.99,1.86999,2.21,3.31999,8.569989999999999,41.0,3.4434109756097566,2.5496820271190725,0.81,1.9,2.32999,4.75999,9.999989999999999,41.0,1.1726817073170734,1.4584537680946603,0.19,0.38,0.57,0.72,5.70999,41.0,3.7519473170731703,2.5418171321310905,1.31,2.14,2.5899900000000002,4.83,9.999989999999999
3,4,41.0,4.114872682926829,2.729655543917606,1.11,1.86999,3.44,5.62,9.999989999999999,41.0,3.5375565853658535,2.1416104829107105,0.79,1.91,3.03999,4.37,8.569989999999999,41.0,4.207068048780488,2.683097525958775,1.21,2.05999,3.23,5.56999,9.999989999999999,41.0,1.4004865853658535,1.6458087745324632,0.23,0.43,0.51,1.57,6.02999,41.0,4.479019512195121,2.628477486998843,1.2,2.27999,3.59999,6.06999,9.999989999999999
3,5,43.0,4.516506279069767,2.987011796892724,0.83,2.024995,3.18,6.94999,9.999989999999999,43.0,3.7111579069767444,2.2597684328789067,0.86,1.899995,2.78999,5.179995,8.569989999999999,43.0,4.805808139534884,3.0573995074387854,0.83,2.139995,3.73,7.51999,9.999989999999999,43.0,1.631393720930233,1.7057019897908021,0.14,0.38,0.63,2.4949950000000003,5.45999,43.0,4.901390697674418,2.7828000212114166,1.01,2.479995,4.06,6.954994999999999,9.999989999999999
3,6,41.0,3.9970697560975603,3.172086170652909,0.89,1.57,2.44,6.22,9.999989999999999,41.0,2.8168253658536586,1.727837832315431,0.68,1.64,1.93,3.84999,7.18,41.0,3.7256051219512196,2.491833111831651,0.69,1.97,2.74,5.91999,9.999989999999999,41.0,1.105120975609756,1.201118607802337,0.21,0.35,0.47,1.47,4.35999,41.0,3.8841421951219512,2.4470964066251173,0.48,1.87999,2.95,5.99,8.83999
3,7,42.0,3.2049966666666667,2.6200468437486757,1.0,1.5925000000000002,1.9449999999999998,4.0224899999999995,9.999989999999999,42.0,2.3764254761904757,1.4564497944847414,1.16,1.6025,1.9599950000000002,2.16,7.2899899999999995,42.0,3.034520476190476,2.0238389827002856,1.04,1.75,2.349995,3.6799925,9.999989999999999,42.0,0.8459516666666667,1.0870282791010761,0.2,0.39,0.46,0.62,4.83,42.0,3.175948571428571,2.0487282302033267,1.38,1.7825,2.254995,4.21,8.95999
3,8,41.0,3.0236563414634143,2.877851171789253,0.93,1.47,1.69,2.37,9.999989999999999,41.0,2.3417046341463412,1.6012984704937079,0.94,1.7,1.9,2.09,7.85999,41.0,2.6765826829268295,2.1879674129246354,0.85,1.53,2.02999,2.39,9.999989999999999,41.0,0.8053656097560976,1.1420852290832957,0.2,0.44,0.49,0.57,5.2,41.0,2.7492648780487805,2.099638479862809,1.25,1.79,1.99,2.41,9.46999
3,9,41.0,3.126095121951219,3.3754496820054367,0.71,1.12,1.63,2.15,9.999989999999999,41.0,2.0185343902439024,1.2718146438495839,0.67,1.61,1.82,1.99,7.629989999999999,41.0,2.399510487804878,1.7264390734702328,0.83,1.61999,1.9,2.36,9.71999,41.0,0.659999512195122,0.8981682386973814,0.14,0.4,0.5,0.57,5.16999,41.0,2.389752926829268,1.761675954158772,0.39,1.73,1.9,2.27999,9.27999
3,10,42.0,2.823807857142857,2.8977775521440443,0.22,1.535,1.77,1.9449999999999998,9.999989999999999,42.0,2.223092857142857,1.4863928200788246,0.08,1.725,1.9,2.1574999999999998,8.21999,42.0,2.3473783333333333,1.9799172237524953,0.26,1.4825,1.8250000000000002,2.2374925,9.87999,42.0,0.7504757142857142,1.0867700712171733,0.08,0.39249999999999996,0.46499999999999997,0.585,5.60999,42.0,2.3821409523809525,2.0221337865944666,0.02,1.6925000000000001,1.8450000000000002,2.0625,9.999989999999999
3,11,42.0,2.790710238095238,2.6811029793238013,0.17,1.61,1.7349999999999999,2.03499,9.999989999999999,42.0,2.079045476190476,1.1559116846807438,0.14,1.7325,1.864995,2.1,6.89999,42.0,2.4595214285714286,1.7377212803940956,0.17,1.6375,1.94,2.3524975,8.649989999999999,42.0,0.6764283333333333,0.7626380756932835,0.04,0.44,0.52,0.6,4.37999,42.0,2.379998809523809,1.699160876120202,0.02,1.6349999999999998,1.875,2.3575,8.84999
4,0,43.0,9.99999,1.797379545589939e-15,9.999989999999999,9.999989999999999,9.999989999999999,9.999989999999999,9.999989999999999,43.0,1.4006969767441861,0.6691072465803645,0.77,1.0,1.16,1.58,4.51999,43.0,3.994646511627907,2.9971034883262773,1.32,2.4050000000000002,2.62,3.0799900000000004,9.999989999999999,43.0,2.380695813953488,3.6535895082522103,0.44,0.52,0.62,0.6799999999999999,9.999989999999999,43.0,5.627435116279069,3.573653997434273,0.02,2.15999,5.20999,9.484995,9.999989999999999
4,1,41.0,9.999989999999999,0.0,9.999989999999999,9.999989999999999,9.999989999999999,9.999989999999999,9.999989999999999,41.0,1.5004865853658538,0.5439604051105639,0.85,1.03,1.3,1.87999,3.02999,41.0,4.33487219512195,3.1218698064329264,0.97,2.49,2.91,3.53999,9.999989999999999,41.0,2.64780243902439,3.8522811547210436,0.28,0.54,0.59,0.68,9.999989999999999,41.0,5.0007260975609755,3.7447670547925127,0.02,1.86999,5.37999,8.96999,9.999989999999999
4,2,41.0,9.999989999999999,0.0,9.999989999999999,9.999989999999999,9.999989999999999,9.999989999999999,9.999989999999999,41.0,1.7431702439024388,0.8224120337747005,0.66,1.17,1.42,2.22,3.71,41.0,4.120481707317073,2.7990481779025362,1.81,2.65,2.95,3.38,9.999989999999999,41.0,2.30512,3.516434812457071,0.3,0.56,0.66,0.75,9.999989999999999,41.0,4.619507804878048,3.4195256698455356,0.02,1.79,3.92,8.09999,9.999989999999999
4,3,42.0,9.99999,1.7978892236224693e-15,9.999989999999999,9.999989999999999,9.999989999999999,9.999989999999999,9.999989999999999,42.0,2.184759523809524,1.2712563401016133,0.34,1.245,1.8050000000000002,2.925,5.33,42.0,4.716185476190476,3.042846133495385,1.56,2.5474900000000003,3.3550000000000004,5.9524975,9.999989999999999,42.0,2.6307119047619048,3.6834078054625747,0.23,0.5675,0.73,1.155,9.999989999999999,42.0,3.949043571428571,3.0799453217428967,0.02,1.5625,2.984995,6.7399925,9.999989999999999
4,4,41.0,9.999989999999999,0.0,9.999989999999999,9.999989999999999,9.999989999999999,9.999989999999999,9.999989999999999,41.0,2.6756068292682924,1.7451808738873444,0.02,1.67,2.05999,3.38,7.99,41.0,5.191213414634145,2.9259362127151793,1.55,3.18,4.1,7.32999,9.999989999999999,41.0,2.8860948780487807,3.7101586480635307,0.27,0.63,0.79,4.99999,9.999989999999999,41.0,4.462922682926829,3.657334646899996,0.02,0.84,5.05999,6.589989999999999,9.999989999999999
4,5,41.0,9.999989999999999,0.0,9.999989999999999,9.999989999999999,9.999989999999999,9.999989999999999,9.999989999999999,41.0,2.786337073170732,1.8028195590757883,0.57,1.43,2.48,3.8399900000000002,8.16,41.0,5.088285853658537,2.9272582032193326,1.83,2.95,3.91,6.9599899999999995,9.999989999999999,41.0,2.7360958536585365,3.511765109827233,0.45,0.66,0.77,2.18,9.999989999999999,41.0,5.1597509756097555,3.6491127478455665,0.02,0.86,6.33999,8.35999,9.999989999999999
4,6,43.0,9.99999,1.797379545589939e-15,9.999989999999999,9.999989999999999,9.999989999999999,9.999989999999999,9.999989999999999,43.0,2.321625348837209,1.616537881999601,0.66,1.18,1.7,3.004995,6.809989999999999,43.0,4.854180697674418,3.0392685274361306,1.54,2.675,3.30999,7.319989999999999,9.999989999999999,43.0,2.7320909302325584,3.4705499989721766,0.25,0.65,0.78,4.80499,9.999989999999999,43.0,6.425341162790696,3.591173261983045,0.02,3.589995,7.2899899999999995,9.999989999999999,9.999989999999999
4,7,41.0,9.999989999999999,0.0,9.999989999999999,9.999989999999999,9.999989999999999,9.999989999999999,9.999989999999999,41.0,1.55146243902439,0.9130961082021444,0.74,0.98,1.23,1.78,4.64999,41.0,4.1963370731707315,3.0342655820785063,1.11,2.47,2.94,3.52999,9.999989999999999,41.0,2.363657073170731,3.4701761924254244,0.21,0.56,0.63,0.8,9.999989999999999,41.0,7.237797317073169,3.645434942084431,0.02,4.1,9.729989999999999,9.999989999999999,9.999989999999999
4,8,41.0,9.999989999999999,0.0,9.999989999999999,9.999989999999999,9.999989999999999,9.999989999999999,9.999989999999999,41.0,1.6241448780487804,0.962242368377432,0.6,0.97,1.28,1.97,4.50999,41.0,4.439019512195121,3.214604883132568,1.02,2.50999,2.98,7.24,9.999989999999999,41.0,2.5275587804878046,3.5742419590006733,0.33,0.52,0.59,1.12,9.999989999999999,41.0,7.037797560975609,3.7028348536045863,0.02,4.33999,9.96999,9.999989999999999,9.999989999999999
4,9,43.0,9.99999,1.797379545589939e-15,9.999989999999999,9.999989999999999,9.999989999999999,9.999989999999999,9.999989999999999,43.0,1.563254418604651,0.929884667416706,0.75,0.975,1.13,1.904995,4.54999,43.0,4.529063720930233,3.324233676489195,0.99,2.30999,2.72,7.57999,9.999989999999999,43.0,2.778369767441861,3.754043109710413,0.35,0.53,0.58,5.024990000000001,9.999989999999999,43.0,8.025109069767442,2.997170844517824,0.02,6.829995,9.999989999999999,9.999989999999999,9.999989999999999
4,10,41.0,9.999989999999999,0.0,9.999989999999999,9.999989999999999,9.999989999999999,9.999989999999999,9.999989999999999,41.0,1.3524385365853657,0.5656079162129937,0.7,0.99,1.11,1.67,3.06999,41.0,4.435848048780487,3.3243673037724175,1.72,2.22,2.74999,7.47,9.999989999999999,41.0,2.8329246341463414,3.890511701267648,0.25,0.52,0.58,4.83,9.999989999999999,41.0,7.019748780487802,3.645974195655528,0.02,3.99999,9.16,9.999989999999999,9.999989999999999
4,11,41.0,9.999989999999999,0.0,9.999989999999999,9.999989999999999,9.999989999999999,9.999989999999999,9.999989999999999,41.0,1.3970724390243903,0.6704804994396947,0.7,0.94,1.12,1.63,3.03999,41.0,4.226580975609756,3.3053538264570137,1.09,1.96,2.69,6.77999,9.999989999999999,41.0,2.7434124390243895,3.863423187299561,0.31,0.51,0.58,4.10999,9.999989999999999,41.0,6.682676341463414,3.711041630485136,0.02,3.24999,8.62999,9.999989999999999,9.999989999999999
5,0,42.0,1.716665,3.3081015522031696,0.01,0.03,0.14,0.865,9.999989999999999,42.0,1.8109514285714283,0.7243725658653821,0.76,1.29,1.8450000000000002,2.00749,4.56,42.0,2.0242838095238094,2.699095465728628,0.19,0.7775000000000001,1.01,1.9175,9.999989999999999,42.0,1.9295214285714286,2.680929721250767,0.0,0.66,1.3599999999999999,1.9399975,9.999989999999999,42.0,4.036425238095238,4.033156199422807,0.02,0.39749999999999996,2.77499,9.5175,9.999989999999999
5,1,41.0,1.3039012195121948,3.192249735689702,0.01,0.02,0.05,0.15,9.999989999999999,41.0,2.1768270731707315,0.6730060110216101,0.76,1.7499900000000002,1.97,2.69,4.47,41.0,1.9446326829268292,2.388348199429916,0.34,0.81,1.31,1.9,9.999989999999999,41.0,1.7585356097560974,2.4268885907598317,0.0,0.1,1.33,1.95,9.999989999999999,41.0,3.2773141463414626,3.9426165202660624,0.02,0.12,0.93,7.18,9.999989999999999
5,2,42.0,2.06023619047619,3.9081098520952127,0.01,0.02,0.12,0.9025000000000001,9.999989999999999,42.0,2.2419023809523813,0.8771547128428858,0.94,1.6224925000000001,2.04999,2.67,4.62,42.0,2.77761619047619,3.045555601256708,0.35,1.295,1.85,2.1325,9.999989999999999,42.0,2.5664264285714284,3.091070854951538,0.0,1.0475,1.88,2.1575,9.999989999999999,42.0,2.5466647619047618,3.529713957182365,0.02,0.02,0.275,4.4624925,9.999989999999999
5,3,41.0,1.2648770731707315,2.9772601733004818,0.01,0.01,0.07,0.27,9.999989999999999,41.0,2.196094634146341,1.2131625867337352,0.22,1.65,1.86999,2.29999,5.51999,41.0,2.0868268292682925,2.3641108612514756,0.35,0.63,1.8,2.11,9.999989999999999,41.0,1.9226807317073173,2.379844092381253,0.0,0.32,1.81,2.05999,9.999989999999999,41.0,1.8382899999999995,2.72776102377481,0.02,0.02,0.09,3.30999,8.419989999999999
5,4,41.0,1.1217063414634145,2.8731876723630116,0.01,0.01,0.02,0.49,9.999989999999999,41.0,2.513168048780488,1.1362063094267245,0.6,1.69,2.22,3.04999,5.50999,41.0,2.529753414634146,2.37143385796506,0.0,1.42,1.84,2.91,9.999989999999999,41.0,1.927559024390244,2.3843901615924823,0.0,0.02,1.83,2.03999,9.999989999999999,41.0,2.084143902439024,3.1247159628995704,0.02,0.02,0.15,2.97,9.999989999999999
5,5,43.0,1.4874404651162787,3.4753279978750293,0.01,0.01,0.02,0.22499999999999998,9.999989999999999,43.0,2.795344418604651,1.7430768034950128,0.15,1.7499900000000002,2.21,3.31499,8.13999,43.0,2.74394953488372,2.585448516179362,0.0,1.46,1.93,3.109995,9.999989999999999,43.0,2.284183720930233,2.4947499586016564,0.0,1.225,1.77,2.34,9.999989999999999,43.0,2.1202297674418604,3.1445063293786397,0.02,0.02,0.34,2.77499,9.999989999999999
5,6,41.0,1.2319495121951218,2.790692076242872,0.01,0.01,0.02,0.35,9.999989999999999,41.0,2.0629236585365853,1.3056898228747824,0.07,1.44,1.99,2.47,6.35999,41.0,2.0892663414634143,2.155196102054006,0.0,1.05,1.61999,2.05999,9.999989999999999,41.0,1.729267317073171,1.9619655692098987,0.0,0.66,1.53,1.91,9.999989999999999,41.0,3.098776585365853,3.3890279212302232,0.02,0.28,1.57,5.25999,9.999989999999999
5,7,42.0,0.9435707142857142,2.626793561017293,0.01,0.01,0.04,0.22749999999999998,9.999989999999999,42.0,1.9940454761904762,1.073270254807542,0.14,1.495,1.87499,2.2075,5.08999,42.0,1.7533316666666665,2.000759152266979,0.0,0.9325,1.295,1.8624999999999998,9.999989999999999,42.0,1.4826180952380952,1.9479525368250408,0.0,0.01,1.475,1.8099975000000001,9.79999,42.0,3.8464252380952373,3.9555857223667137,0.02,0.3775,1.625,7.62749,9.999989999999999
5,8,41.0,1.7048763414634145,3.5341314607472905,0.01,0.01,0.06,0.54,9.999989999999999,41.0,2.1748758536585364,1.1623407210129388,0.19,1.58,1.92,2.19,5.43,41.0,2.229754146341463,2.6738375171399023,0.34,0.96,1.58,1.99,9.999989999999999,41.0,2.1499990243902443,2.6847028243381104,0.0,0.87,1.41,1.81,9.819989999999999,41.0,4.296336829268292,3.9262475101242904,0.02,0.75,2.92,8.819989999999999,9.999989999999999
5,9,41.0,1.2582914634146343,2.7862212309753516,0.01,0.01,0.12,0.57,9.999989999999999,41.0,1.848290487804878,0.8559031455309394,0.35,1.45,1.79,1.99,4.74999,41.0,1.652680975609756,2.027969445701543,0.21,0.83,1.12,1.82,9.999989999999999,41.0,1.569023658536585,2.071924458790373,0.0,0.76,1.23,1.71,9.2,41.0,5.262433414634146,3.638334030914842,0.02,1.84,4.20999,9.999989999999999,9.999989999999999
5,10,42.0,1.2190457142857138,2.690463091669321,0.01,0.02,0.055,0.705,9.999989999999999,42.0,1.811664523809524,0.7468221003764842,0.12,1.475,1.83,2.1124975,4.14999,42.0,1.6530942857142856,2.009446757176593,0.21,0.8324999999999999,1.04,1.9024999999999999,9.999989999999999,42.0,1.6426176190476192,2.131033307241977,0.0,0.3825,1.23,1.7675,9.75999,42.0,5.2185661904761895,3.7389867867730127,0.02,1.7999999999999998,5.084995,9.999989999999999,9.999989999999999
5,11,42.0,1.7535697619047619,3.535223791813239,0.01,0.03,0.09,0.545,9.999989999999999,42.0,1.7538078571428575,0.7278046509899572,0.34,1.125,1.815,2.06499,4.04999,42.0,2.1240464285714284,2.668436870062944,0.2,0.85,1.2650000000000001,1.9449999999999998,9.999989999999999,42.0,1.9245228571428572,2.5887313958698703,0.0,0.6900000000000001,1.0950000000000002,1.8674925000000002,9.58999,42.0,3.905948333333333,3.6259948317990935,0.02,0.915,2.455,6.2599975,9.999989999999999
6,0,43.0,0.8248827906976745,1.0359919356376825,0.01,0.065,0.18,1.3900000000000001,2.82999,43.0,1.9237197674418607,0.9136102668051895,0.0,1.37,1.83,2.55,3.8799900000000003,43.0,0.9553476744186047,0.8650011960185434,0.12,0.38,0.54,1.44,3.14,43.0,0.0011627906976744186,0.0032435300622428815,0.0,0.0,0.0,0.0,0.01,43.0,0.9958130232558141,0.8325423194893112,0.15,0.345,0.71,1.365,4.22999
6,1,41.0,0.8760958536585366,1.1887443024468627,0.01,0.03,0.14,2.49999,3.0899900000000002,41.0,2.216094878048781,0.9372326385698537,0.69,1.65,1.97,2.76999,4.62999,41.0,1.2285358536585367,1.050464055877153,0.16,0.38,0.74,1.85,5.25999,41.0,0.0004878048780487805,0.0021808478995509087,0.0,0.0,0.0,0.0,0.01,41.0,1.075609512195122,0.6974769865090575,0.13,0.45,0.93,1.45,3.26999
6,2,41.0,0.7790231707317073,1.1137321522530428,0.01,0.04,0.08,2.34,2.82999,41.0,2.694143170731707,0.9024677168864242,1.36,1.93,2.48,3.45,4.43999,41.0,1.4297551219512192,1.2044166444987423,0.3,0.38,1.13,2.23,4.95,41.0,0.0007317073170731707,0.002636516548818748,0.0,0.0,0.0,0.0,0.01,41.0,1.21756,0.6882856220857734,0.25,0.64,1.15,1.5,2.99
6,3,42.0,0.8745223809523809,1.1446272097314512,0.01,0.02,0.07,2.33,3.24,42.0,3.0654716666666664,1.0070513799736887,0.23,2.3299925000000004,3.114995,3.6775,4.89,42.0,2.060236190476191,1.4670554984580046,0.38,0.38,1.9699900000000001,3.4475000000000002,4.87999,42.0,0.0002380952380952381,0.0015430334996209187,0.0,0.0,0.0,0.0,0.01,42.0,1.898332142857143,0.7224637583467869,0.34,1.3075,1.875,2.4425,3.39
6,4,41.0,1.0892658536585365,1.3760663329141798,0.01,0.03,0.25,2.55999,4.74,41.0,3.433409512195122,1.097196821294956,1.69,2.47,3.49,4.20999,5.7,41.0,2.235119512195122,1.7886139327380732,0.38,0.38,1.94,3.8599900000000003,5.64999,41.0,0.00024390243902439024,0.0015617376188860608,0.0,0.0,0.0,0.0,0.01,41.0,1.8941436585365854,0.8014313076451284,0.42,1.45,1.9999900000000002,2.32999,3.82999
6,5,41.0,0.9478031707317073,1.158236313671435,0.01,0.01,0.32,2.55999,3.00999,41.0,3.120239268292683,1.093594573581522,0.16,2.23,3.17,3.66,5.80999,41.0,2.2304860975609753,1.9989383139105092,0.38,0.38,1.5,3.43,9.999989999999999,41.0,0.0004878048780487805,0.0021808478995509087,0.0,0.0,0.0,0.0,0.01,41.0,1.6119495121951222,0.8088618481574936,0.02,1.15,1.57,1.86999,4.95999
6,6,43.0,0.9146493023255814,1.066132522275849,0.01,0.03,0.54,2.2899900000000004,2.64,43.0,2.8067402325581394,0.7915669703655871,1.48,2.144995,2.95,3.35999,4.49,43.0,1.860231395348837,1.3467962063295695,0.38,0.38,1.38,3.0399950000000002,4.33999,43.0,0.00046511627906976747,0.0021308263231644637,0.0,0.0,0.0,0.0,0.01,43.0,1.4525565116279069,0.7086087604020247,0.2,0.94,1.42,1.784995,3.84999
6,7,41.0,0.871950243902439,1.0565522260979052,0.01,0.01,0.38,1.4,2.79999,41.0,2.3563387804878055,0.6506581478672004,1.06,1.94,2.28999,2.73,3.77999,41.0,1.663901463414634,1.3359153689728271,0.38,0.38,1.26,2.61,5.05999,41.0,0.0,0.0,0.0,0.0,0.0,0.0,0.0,41.0,1.3321939024390244,0.7633550625196576,0.15,0.8,1.14,1.77,4.04
6,8,41.0,0.996340243902439,1.090584483821606,0.01,0.03,0.35,2.23,3.00999,41.0,2.133168536585366,0.6688642159719751,0.79,1.64,2.06999,2.68,3.7,41.0,1.2253648780487805,1.0420495086825816,0.2,0.38,0.74,1.73,3.99,41.0,0.00024390243902439024,0.0015617376188860608,0.0,0.0,0.0,0.0,0.01,41.0,1.0317063414634147,0.7891206787423457,0.07,0.41,0.76,1.31,2.84999
6,9,43.0,1.0039513953488373,1.0874623695658698,0.01,0.055,0.69,2.089995,4.06999,43.0,1.9509281395348834,0.9624077439874081,0.6,1.205,1.81,2.3549949999999997,4.29999,43.0,1.0923246511627906,1.009182644617365,0.11,0.38,0.64,1.69,4.14,43.0,0.00023255813953488373,0.0015249857033260465,0.0,0.0,0.0,0.0,0.01,43.0,0.854883488372093,0.636557798901485,0.13,0.4,0.61,0.985,2.32999
6,10,41.0,0.9351202439024389,1.0938691296025493,0.01,0.05,0.42,2.39,2.99999,41.0,2.0778026829268295,0.8012210968984291,0.56,1.61999,1.9,2.73,3.6099900000000003,41.0,1.0270726829268293,0.9018337993167711,0.12,0.38,0.59,1.3,3.81999,41.0,0.0007317073170731707,0.002636516548818748,0.0,0.0,0.0,0.0,0.01,41.0,0.8492675609756098,0.632759863715219,0.16,0.37,0.56,1.25,2.5899900000000002
6,11,41.0,0.9524375609756097,1.0895614254225883,0.01,0.05,0.47,2.45,2.74,41.0,1.8236563414634148,0.7896669215364036,0.58,1.24,1.77,2.1,3.81999,41.0,1.0134143902439026,0.8694465282524532,0.11,0.38,0.6,1.54,3.95,41.0,0.0004878048780487805,0.0021808478995509087,0.0,0.0,0.0,0.0,0.01,41.0,0.8348780487804878,0.6058222592114767,0.1,0.34,0.56,1.11,2.18
7,0,42.0,2.55999,0.0,2.55999,2.55999,2.55999,2.55999,2.55999,42.0,2.856424285714286,0.9106026950969177,1.14,1.9649975,3.34499,3.5899900000000002,3.97,42.0,1.2409519047619049,0.47244359433738725,0.55,0.8225,1.2,1.5350000000000001,2.52999,42.0,0.0038095238095238095,0.004915074349923197,0.0,0.0,0.0,0.01,0.01,42.0,0.3009523809523809,0.43201631362495474,0.02,0.06,0.1,0.225,1.55
7,1,41.0,2.55999,0.0,2.55999,2.55999,2.55999,2.55999,2.55999,41.0,2.910727317073171,0.9207807707756075,0.93,2.06999,3.24999,3.74,4.00999,41.0,1.3143890243902439,0.5970496000241725,0.49,0.79,1.13,1.76,3.03999,41.0,0.003902439024390244,0.004938647983247948,0.0,0.0,0.0,0.01,0.01,41.0,0.2973170731707317,0.4509325026555743,0.03,0.06,0.1,0.29,1.7
7,2,42.0,2.55999,0.0,2.55999,2.55999,2.55999,2.55999,2.55999,42.0,3.1707099999999997,0.8322224144202165,1.45,2.4374975,3.609995,3.8249899999999997,4.06,42.0,1.4354759523809524,0.5860122155101544,0.57,1.0125000000000002,1.3250000000000002,1.815,3.49,42.0,0.0038095238095238104,0.004915074349923197,0.0,0.0,0.0,0.01,0.01,42.0,0.32833333333333337,0.4338310150202449,0.03,0.0925,0.16,0.35000000000000003,1.95
7,3,41.0,2.55999,0.0,2.55999,2.55999,2.55999,2.55999,2.55999,41.0,3.2714587804878046,1.039877434511383,1.33,2.49,3.32999,3.74,7.049989999999999,41.0,1.5460960975609757,0.8638445829831835,0.65,1.01,1.52,1.78,5.72,41.0,0.0029268292682926834,0.004606464174952623,0.0,0.0,0.0,0.01,0.01,41.0,0.4121951219512195,0.5032966927922433,0.02,0.13,0.19,0.34,1.9
7,4,41.0,2.55999,0.0,2.55999,2.55999,2.55999,2.55999,2.55999,41.0,3.409996341463415,0.7295849093997083,1.94,2.94,3.64,3.82999,4.87,41.0,1.7614621951219511,0.9708121412238111,0.54,1.23,1.61,2.03999,5.85,41.0,0.003414634146341464,0.004800914547021732,0.0,0.0,0.0,0.01,0.01,41.0,0.41292682926829266,0.5401168572746041,0.05,0.11,0.21,0.38,2.36
7,5,43.0,2.5599899999999995,4.493448863974848e-16,2.55999,2.55999,2.55999,2.55999,2.55999,43.0,3.319528837209302,0.5484690349561756,1.9999900000000002,2.9949950000000003,3.3599900000000003,3.644995,4.87999,43.0,1.6006965116279073,0.5891198265204171,0.71,1.1349999999999998,1.67,1.894995,3.04999,43.0,0.0032558139534883722,0.004741373235154427,0.0,0.0,0.0,0.01,0.01,43.0,0.3355813953488372,0.3975179081056265,0.05,0.11,0.2,0.35,1.63
7,6,41.0,2.55999,0.0,2.55999,2.55999,2.55999,2.55999,2.55999,41.0,3.0931660975609754,0.6355241618297374,1.4,2.56999,3.30999,3.65,3.81999,41.0,1.4341456097560976,0.5204742686005178,0.54,1.1,1.3,1.81,2.56999,41.0,0.0036585365853658543,0.004876524151983465,0.0,0.0,0.0,0.01,0.01,41.0,0.3678048780487805,0.47466046915201365,0.04,0.09,0.16,0.31,1.78
7,7,42.0,2.55999,0.0,2.55999,2.55999,2.55999,2.55999,2.55999,42.0,2.886425238095238,0.7236576182524579,1.36,2.1949975000000004,3.1950000000000003,3.3999975,3.81999,42.0,1.369046904761905,0.5970146349453808,0.61,0.8525,1.29,1.7550000000000001,2.84999,42.0,0.0038095238095238104,0.004915074349923197,0.0,0.0,0.0,0.01,0.01,42.0,0.3223809523809524,0.4724498142082525,0.02,0.07250000000000001,0.11499999999999999,0.27,1.98
7,8,41.0,2.55999,0.0,2.55999,2.55999,2.55999,2.55999,2.55999,41.0,2.627069512195122,0.9037012020489716,0.95,1.82,2.95,3.34999,3.82999,41.0,1.1134141463414633,0.44973579710745515,0.57,0.77,0.9,1.41,2.14,41.0,0.003414634146341464,0.004800914547021732,0.0,0.0,0.0,0.01,0.01,41.0,0.27658536585365856,0.5113981313814978,0.02,0.05,0.1,0.22,2.49
7,9,41.0,2.55999,0.0,2.55999,2.55999,2.55999,2.55999,2.55999,41.0,2.923410975609756,0.9834783446594157,0.91,2.02999,3.25999,3.72,4.31,41.0,1.2380487804878049,0.503300206200013,0.43,0.92,1.07,1.59,2.48,41.0,0.004146341463414634,0.004987789969564457,0.0,0.0,0.0,0.01,0.01,41.0,0.30853658536585366,0.4610290716191862,0.02,0.07,0.11,0.29,1.93
7,10,42.0,2.55999,0.0,2.55999,2.55999,2.55999,2.55999,2.55999,42.0,2.771663333333333,0.9342070068941258,1.09,1.9249999999999998,3.0649949999999997,3.51999,4.12,42.0,1.098094761904762,0.4779125836754122,0.39,0.755,0.94,1.2925,2.2,42.0,0.0038095238095238095,0.004915074349923197,0.0,0.0,0.0,0.01,0.01,42.0,0.2614285714285714,0.39963136323471443,0.02,0.05,0.07500000000000001,0.2275,1.59
7,11,42.0,2.55999,0.0,2.55999,2.55999,2.55999,2.55999,2.55999,42.0,2.756187380952381,0.9793575082378007,0.95,1.855,3.225,3.5374925000000004,3.96,42.0,1.1347614285714287,0.4502901939566518,0.38,0.7899999999999999,0.995,1.4425,2.09,42.0,0.004047619047619048,0.004967957724145469,0.0,0.0,0.0,0.01,0.01,42.0,0.23976190476190473,0.3613355179914328,0.02,0.042499999999999996,0.09,0.24,1.52
8,0,42.0,2.2904728571428574,0.5554201049097693,0.67,2.01499,2.37,2.6075,3.3399900000000002,42.0,1.6273792857142861,0.47291925105302124,0.34,1.5475,1.78,1.9525,2.32999,42.0,0.783095238095238,0.4367702309119952,0.01,0.5575,0.8200000000000001,1.0,2.22,42.0,0.002857142857142857,0.004572299568592125,0.0,0.0,0.0,0.01,0.01,42.0,1.5299980952380952,1.5806134221433457,0.13,0.39499999999999996,1.5350000000000001,1.87999,6.28999
8,1,41.0,2.5075580487804876,0.4630740414081722,0.94,2.36,2.49999,2.78999,3.42,41.0,1.7453643902439024,0.4720268730858911,0.55,1.54,1.92,2.05999,2.5899900000000002,41.0,1.0465848780487805,1.327242685182559,0.01,0.61,0.84,1.23,8.569989999999999,41.0,0.002682926829268293,0.004485749794573054,0.0,0.0,0.0,0.01,0.01,41.0,1.9080468292682928,1.8424212343468567,0.11,0.48,1.77,2.00999,6.66
8,2,42.0,2.644757142857143,0.51011261130855,1.31,2.4425,2.56499,2.8599975,4.06,42.0,1.9547611904761908,0.49945422664462696,0.56,1.6749999999999998,1.89,2.1475,3.2,42.0,1.0578566666666664,1.2228089559950845,0.01,0.5475,0.965,1.2075,8.13999,42.0,0.0019047619047619045,0.003974366179316376,0.0,0.0,0.0,0.0,0.01,42.0,1.949522142857143,1.9065868636228454,0.22,0.535,1.78,2.1075,6.879989999999999
8,3,41.0,2.861457804878049,0.5549633471974171,1.78,2.50999,2.76999,3.1099900000000003,4.06999,41.0,2.1253634146341462,0.5605292763567741,1.02,1.76,1.9999900000000002,2.41,4.18999,41.0,1.1853646341463415,1.27522554523915,0.0,0.6,0.91,1.41,8.10999,41.0,0.002682926829268293,0.004485749794573054,0.0,0.0,0.0,0.01,0.01,41.0,1.688047317073171,1.570910667963052,0.16,0.52,1.56,2.08,6.669989999999999
8,4,41.0,2.820728780487805,0.6153378629915239,1.81,2.37,2.87,3.09999,4.76999,41.0,2.037070975609756,0.7356150191227911,1.26,1.69,1.87999,2.2,5.52999,41.0,1.0417068292682925,0.6430735680365002,0.0,0.65,0.89,1.39,3.22,41.0,0.0024390243902439024,0.004347693529262411,0.0,0.0,0.0,0.0,0.01,41.0,1.6895104878048777,1.4678059747135368,0.2,0.61,1.57,2.03999,6.49999
8,5,43.0,2.640691860465117,0.5015547546344828,1.68,2.28499,2.69,3.009995,3.59999,43.0,1.7960453488372095,0.3423444697985658,1.11,1.54,1.76,1.9799950000000002,2.53999,43.0,0.9506976744186045,0.506535362131511,0.0,0.6699999999999999,0.85,1.205,2.42,43.0,0.002325581395348837,0.004799409339811953,0.0,0.0,0.0,0.0,0.02,43.0,1.6346497674418607,1.4230869307692118,0.26,0.6,1.67,1.935,6.50999
8,6,41.0,2.4085331707317077,0.5057545646429651,1.27,2.00999,2.4,2.74999,3.68,41.0,1.7109746341463412,0.36264125709919964,1.03,1.48,1.64,1.89,2.87,41.0,0.9890241463414634,0.8579870563737417,0.0,0.79,0.85,1.1,5.45999,41.0,0.002682926829268293,0.004485749794573054,0.0,0.0,0.0,0.01,0.01,41.0,1.495851951219512,1.220434323735242,0.17,0.42,1.48,1.99,6.14999
8,7,42.0,2.426424761904762,0.3308870171865691,1.76,2.215,2.46,2.615,3.44,42.0,1.651903333333333,0.3226187906815302,0.61,1.4324999999999999,1.6949999999999998,1.88,2.28999,42.0,0.9771428571428571,0.5034577305108641,0.0,0.6575000000000001,0.915,1.3375,2.37,42.0,0.0033333333333333335,0.005257592264788534,0.0,0.0,0.0,0.01,0.02,42.0,1.6714271428571428,1.4818382556947363,0.12,0.355,1.73,1.9774999999999998,6.28999
8,8,41.0,2.273899024390244,0.5637450599198404,0.74,2.04999,2.34,2.64,3.48,41.0,1.5370724390243902,0.42976833309226314,0.63,1.29,1.61999,1.84,2.22,41.0,0.95439,0.5613150595699352,0.0,0.59,0.9,1.18,2.65,41.0,0.002195121951219512,0.004190581774617469,0.0,0.0,0.0,0.0,0.01,41.0,1.7763390243902442,1.6861046608126151,0.17,0.39,1.53,1.97,6.22999
8,9,41.0,2.162680487804878,0.6714193550864885,0.49,1.68,2.34,2.63,3.24,41.0,1.4597556097560975,0.4853005190448944,0.47,1.05,1.64,1.77,2.37,41.0,0.6968292682926829,0.39636119275472875,0.0,0.5,0.74,0.98,1.83,41.0,0.002682926829268293,0.004485749794573054,0.0,0.0,0.0,0.01,0.01,41.0,1.7053641463414633,1.5573011162263635,0.13,0.45,1.45,2.18,5.95999
8,10,42.0,2.303092619047619,0.6053350070428026,0.63,1.9999975,2.344995,2.7574925,3.45,42.0,1.5788085714285716,0.5498911329352714,0.52,1.2125,1.64,1.95,2.65,42.0,0.7804761904761905,0.3514635073236701,0.0,0.55,0.83,1.0025,1.41,42.0,0.002857142857142857,0.004572299568592125,0.0,0.0,0.0,0.01,0.01,42.0,1.7566652380952381,1.7342471335821048,0.14,0.41,1.61999,2.1325,6.22999
8,11,42.0,2.3861864285714285,0.6205208037227983,0.64,2.1625,2.455,2.7449925,3.64,42.0,1.6554747619047618,0.5565702667239433,0.47,1.3725,1.75,1.9275,3.18,42.0,0.8064283333333334,0.3842489987413628,0.0,0.6175,0.79,1.0175,2.06999,42.0,0.002142857142857143,0.0041529973223663275,0.0,0.0,0.0,0.0,0.01,42.0,2.0902354761904762,2.0215666447888725,0.14,0.4925,1.7850000000000001,2.2175,6.81999
9,0,43.0,2.553019534883721,1.1608571642703824,0.3,1.77,2.77999,3.509995,4.47,43.0,1.1553479069767443,0.9244327037201895,0.02,0.18,0.96,1.855,3.92,43.0,1.195580930232558,0.9778812505636234,0.29,0.575,0.76,1.64,4.47,43.0,0.3732558139534884,0.48985284928587314,0.01,0.01,0.01,0.705,1.42,43.0,0.05604651162790698,0.09631643124627137,0.02,0.02,0.02,0.045,0.61
9,1,41.0,2.8604824390243904,1.1105622028904563,0.32,2.21,3.28999,3.72,4.35,41.0,1.3551199999999999,0.9233563587586323,0.05,0.29,1.48,1.96,3.04999,41.0,1.3192673170731706,0.7900192907550562,0.34,0.76,1.01,1.92,4.31,41.0,0.35634121951219516,0.45459118849904645,0.01,0.01,0.01,0.78,1.61999,41.0,0.08707317073170731,0.26167961233576287,0.02,0.02,0.03,0.05,1.67
9,2,41.0,3.2585307317073173,0.9330327873884986,0.34,2.9,3.46,3.84999,4.89,41.0,1.5209741463414634,0.9242378791901348,0.02,0.55,1.68,2.11,3.31999,41.0,1.4612185365853658,0.7891629160431988,0.45,0.91,1.33,1.86,4.22999,41.0,0.3248780487804878,0.43997228294075247,0.01,0.01,0.01,0.66,1.39,41.0,0.13585365853658538,0.328549658421342,0.02,0.02,0.03,0.05,1.9
9,3,42.0,3.335710238095239,1.0286149877656068,0.35,3.2499975,3.5849900000000003,3.8849975,4.83,42.0,1.6164261904761905,0.8887972631210534,0.03,0.9725,1.81,2.28999,3.81999,42.0,1.4719038095238095,0.7212513071686253,0.3,1.0625,1.3250000000000002,1.79,3.76999,42.0,0.33595238095238095,0.46744275519515405,0.01,0.01,0.01,0.6799999999999999,1.9,42.0,0.16214285714285714,0.39612473838725265,0.02,0.02,0.03,0.075,1.86
9,4,41.0,3.329019512195122,1.1208543168760856,0.57,2.67,3.73,3.96,5.28999,41.0,1.8275587804878046,0.8047238759232732,0.12,1.11,1.97,2.37,3.03999,41.0,1.8317051219512197,0.797939615444433,0.49,1.41,1.77,2.17,3.98,41.0,0.808292195121951,2.1500814683384815,0.01,0.01,0.01,0.8,9.999989999999999,41.0,0.13365853658536583,0.30767479664055175,0.02,0.02,0.03,0.09,1.82
9,5,41.0,3.463652926829268,1.0616270826359977,0.38,2.86,3.46,3.8599900000000003,5.76999,41.0,1.7631680487804882,0.7465816081186957,0.06,1.33,1.84,2.19,3.26999,41.0,1.8660965853658535,0.9080953707888004,0.34,1.26,1.69,2.24,4.68,41.0,0.6502436585365853,1.5759117247323153,0.01,0.01,0.06,0.84,9.999989999999999,41.0,0.2407317073170732,0.44320080236785697,0.02,0.02,0.03,0.3,1.96
9,6,43.0,3.147902093023255,0.9529656161027461,0.42,2.809995,3.26999,3.71,4.87,43.0,1.5206967441860466,0.6990030064303523,0.02,1.005,1.8,1.99,2.74999,43.0,1.7758125581395348,0.7801611983890712,0.5,1.145,1.77,2.089995,3.98,43.0,0.7739532558139535,1.5703930610954586,0.01,0.01,0.46,0.965,9.999989999999999,43.0,0.17558139534883718,0.3579458746367043,0.02,0.02,0.03,0.11,1.45
9,7,41.0,3.0741426829268295,1.0536462803854632,0.15,2.87,3.24,3.78999,4.49,41.0,1.4243892682926829,0.7112201330755136,0.01,0.97,1.73,1.94,2.68,41.0,1.4448775609756097,0.6806978218261774,0.3,0.86,1.38,1.74,3.24,41.0,0.614389756097561,0.6565696103974346,0.01,0.01,0.53,0.96,2.52999,41.0,0.18146341463414634,0.35525737835835136,0.02,0.02,0.03,0.08,1.48
9,8,41.0,2.958530975609756,1.0162619362516854,0.36,2.5899900000000002,3.28999,3.61999,4.60999,41.0,1.4085341463414636,0.7305305110533564,0.02,1.0,1.79,1.94,2.38,41.0,1.3192675609756097,0.6506193089118264,0.37,0.78,1.26,1.71,3.14,41.0,0.6458531707317072,0.6567027363329584,0.01,0.01,0.55,1.0,2.04999,41.0,0.11121951219512197,0.21694694192303357,0.02,0.02,0.03,0.05,1.09
9,9,43.0,2.5006941860465117,1.1130545432239982,0.39,1.5750000000000002,2.95,3.5449900000000003,4.37999,43.0,1.0730216279069766,0.7465088906526682,0.04,0.53,0.95,1.759995,2.75999,43.0,1.026046046511628,0.4900823630737007,0.41,0.62,0.81,1.435,2.11,43.0,0.5555813953488372,0.5234514682810869,0.01,0.01,0.51,0.91,1.77,43.0,0.08093023255813954,0.1859187476584785,0.02,0.02,0.03,0.045,1.13
9,10,41.0,2.617800487804878,1.2739682653994,0.01,1.66,2.95,3.59999,4.45,41.0,1.1317060975609756,0.8229261306304413,0.01,0.2,1.46,1.89,2.6,41.0,1.0229263414634147,0.5161543397509901,0.01,0.73,0.86,1.49,1.9999900000000002,41.0,0.42902439024390243,0.4570164377681003,0.01,0.01,0.29,0.8,1.42,41.0,0.12902439024390244,0.2896014923826255,0.02,0.02,0.03,0.05,1.36
9,11,41.0,2.668776585365854,1.188965994416177,0.3,1.63,3.03999,3.6299900000000003,4.22,41.0,1.146340243902439,0.796983027643901,0.01,0.5,1.31,1.84,2.43,41.0,1.1580485365853659,0.626219244025449,0.39,0.67,0.89,1.65,2.48,41.0,0.45195121951219513,0.7390135976834091,0.01,0.01,0.17,0.67,4.37,41.0,0.05609756097560975,0.09208360464220783,0.02,0.02,0.03,0.05,0.54
10,0,84.0,1.7946409523809526,0.8632136591586803,0.36,1.4674999999999998,1.82,2.0825,4.00999,84.0,2.0314271428571424,1.3685136115522514,0.42,1.565,1.8050000000000002,2.03249,9.999989999999999,84.0,1.2638088095238094,1.3011196078210476,0.01,0.10500000000000001,1.29,1.9,9.999989999999999,84.0,1.469879285714286,1.1952089305552405,0.01,0.6675000000000001,1.72,1.935,8.29999,84.0,2.862378452380953,2.4430027489667343,0.03,1.69,1.9449999999999998,3.1199925,9.999989999999999
10,1,82.0,1.8887786585365853,0.9201159419974917,0.36,1.48,1.9049999999999998,2.30249,4.47,82.0,2.308412682926829,1.4233747448065834,0.54,1.71,1.9449999999999998,2.23,9.999989999999999,82.0,1.4010963414634146,1.617323962752244,0.01,0.35250000000000004,1.3450000000000002,1.8674925000000002,9.999989999999999,82.0,1.6168280487804876,1.3713145706079177,0.01,0.665,1.74,1.955,8.71999,82.0,3.37914268292683,2.647509000051408,0.02,1.8849925,2.0749950000000004,4.2824975,9.999989999999999
10,2,84.0,2.1408304761904766,1.158667607608089,0.37,1.56,1.975,2.7024974999999998,4.87999,84.0,2.774282142857143,1.9119655322680098,0.5,1.89,2.064995,2.6825,9.999989999999999,84.0,1.364165833333333,1.3888239093609205,0.01,0.21750000000000003,1.4300000000000002,1.9525,9.54,84.0,1.7152357142857144,1.552510742002909,0.01,0.665,1.78,2.00999,9.88999,84.0,3.3597576190476186,2.875893197802266,0.02,1.7075,2.04999,4.0724925,9.999989999999999
10,3,82.0,2.1443879268292685,1.054276043114787,0.36,1.6524999999999999,2.105,2.685,5.06999,82.0,2.650484756097561,1.6751422550001467,0.13,1.85,2.03499,2.6224975,9.999989999999999,82.0,1.4076815853658537,1.4109061288007714,0.01,0.36,1.415,1.99,9.29,82.0,1.4968279268292684,1.3567563420774025,0.01,0.64,1.56,1.92,9.999989999999999,82.0,3.135605365853658,2.3608631439810077,0.02,1.8125,2.03999,3.6449974999999997,9.999989999999999
10,4,82.0,2.3221929268292683,1.2004514720149801,0.36,1.77,2.18,3.15,5.85999,82.0,2.9641431707317074,1.8759206266664865,0.0,1.8749925,2.1550000000000002,3.59749,9.999989999999999,82.0,1.7675596341463418,1.945467975881093,0.01,0.4525,1.46,2.2075,9.87,82.0,1.7703636585365856,1.6048718881122932,0.01,0.6425,1.78,2.1725000000000003,9.919989999999999,82.0,3.542313170731708,2.667734036480166,0.02,1.7549925000000002,2.26999,4.5824925,9.999989999999999
10,5,86.0,2.3687175581395348,1.2235624081412113,0.3,1.5699999999999998,2.4,3.3574900000000003,5.2,86.0,3.236624883720931,2.327537665181682,0.78,1.82,2.2449950000000003,4.0624975,9.999989999999999,86.0,1.5482540697674416,1.3862812135140785,0.01,0.435,1.39,2.2225,8.46999,86.0,1.8352302325581393,1.6625734547006457,0.01,0.7925000000000001,1.7,2.02999,9.52999,86.0,3.5165087209302333,3.0073284872046253,0.02,1.6724999999999999,2.135,4.8774999999999995,9.999989999999999
10,6,82.0,2.0285341463414635,1.16413813934872,0.34,1.39,1.91,2.5949975,6.53999,82.0,2.4069489024390247,1.800954164961963,0.64,1.6349999999999998,1.795,2.1475,9.999989999999999,82.0,1.5121939024390243,1.3589460254997694,0.01,0.535,1.4849999999999999,1.98,8.25,82.0,1.577681463414634,1.3998481152223834,0.01,0.48,1.68,1.9749999999999999,9.02999,82.0,3.266216707317073,2.6430202694238494,0.02,1.5875000000000001,1.98,4.49749,9.999989999999999
10,7,84.0,1.9924976190476187,1.1684336266033237,0.0,1.2025000000000001,1.8549950000000002,2.6974975,5.33,84.0,2.206307857142857,1.6954149647367112,0.56,1.5274999999999999,1.7149999999999999,2.01499,9.999989999999999,84.0,1.2155939285714283,0.9285074684221477,0.01,0.4075,1.18,1.8225,4.43,84.0,1.5374986904761905,1.3768625870966416,0.01,0.5975,1.665,1.8925,8.809989999999999,84.0,3.436305952380953,2.7934351943117566,0.02,1.6274975,2.0399950000000002,4.802490000000001,9.999989999999999
10,8,82.0,1.9149987804878053,1.0067784142101392,0.35,1.3725,1.754995,2.4825,4.35999,82.0,2.317193292682927,1.9895503407784114,0.85,1.49,1.76,1.9774999999999998,9.999989999999999,82.0,1.1953647560975609,0.8118359850093568,0.01,0.5025,1.435,1.8375000000000001,2.89,82.0,1.7981689024390246,1.5447202825706665,0.01,1.095,1.68,2.05999,8.68999,82.0,3.4599959756097562,3.1419594982929415,0.02,1.5250000000000001,1.955,4.857492499999999,9.999989999999999
10,9,82.0,1.7858519512195123,0.8934324646773004,0.34,1.2925,1.795,2.1725000000000003,3.8599900000000003,82.0,2.007315365853658,1.410111553270573,0.62,1.4949999999999999,1.7349999999999999,1.96,9.999989999999999,82.0,1.2703651219512195,1.071745183857427,0.01,0.265,1.385,1.935,6.879989999999999,82.0,1.5142669512195122,1.2316616109631005,0.01,0.54,1.725,1.9375,7.889989999999999,82.0,3.023533902439024,2.5860993233958616,0.03,1.5250000000000001,1.9849999999999999,4.1524925,9.999989999999999
10,10,84.0,1.871188928571429,0.9232595000180269,0.34,1.39,1.82,2.2424975,4.78999,84.0,2.1388083333333334,1.4696490307813994,0.55,1.4749999999999999,1.81,2.1125,9.999989999999999,84.0,1.5333322619047618,1.6922686763933352,0.01,0.475,1.49,1.92,9.999989999999999,84.0,1.6835695238095236,1.3701455252741168,0.01,0.5875,1.7850000000000001,2.08,7.5399899999999995,84.0,3.159044166666667,2.641660265769898,0.03,1.8,1.96,4.2349925,9.999989999999999
10,11,84.0,1.9092830952380955,0.9114584263774187,0.35,1.4100000000000001,1.9249999999999998,2.51999,3.84999,84.0,2.3211885714285714,1.7140908072788714,0.66,1.57,1.7650000000000001,2.1525,9.999989999999999,84.0,1.405118095238095,1.458766058972715,0.01,0.195,1.57,1.9375,9.999989999999999,84.0,1.6663076190476187,1.240696413323105,0.01,0.7725,1.77,1.9649999999999999,7.41,84.0,3.3597584523809525,3.0375955168717343,0.03,1.6775,1.955,4.4849975,9.999989999999999
11,0,87.0,1.733446896551724,0.4441990825653341,0.05,1.55,1.79,1.9449999999999998,2.9,87.0,1.6088496551724139,0.39596260796992544,0.24,1.41,1.61999,1.82,2.99,87.0,1.6472406896551728,0.4758747954417507,0.52,1.22,1.79,1.94,2.97,87.0,1.5852867816091953,0.8456788366234415,0.55,1.06,1.66,1.9049999999999998,6.18,87.0,2.544479310344828,0.9362930768539491,0.31,1.855,2.12,3.3599900000000003,5.08999
11,1,82.0,1.8435352439024395,0.5004859461926574,0.06,1.6975,1.9,2.125,2.91,82.0,1.8248768292682924,0.4218681257433624,0.68,1.6349999999999998,1.835,2.0199925000000003,2.89,82.0,1.6729253658536585,0.4104531050105816,0.87,1.2725,1.81,1.965,2.7,82.0,1.530243048780488,0.8625402946875735,0.54,1.04,1.43,1.85,6.3299900000000004,82.0,2.7593862195121948,1.0069690452886237,1.53,1.9224999999999999,2.42,3.64,6.22
11,2,82.0,1.9760957317073171,0.5341205145602904,0.09,1.7725000000000002,1.97,2.2075,3.7,82.0,1.939875975609756,0.6003639712951496,0.78,1.73,1.884995,2.0474900000000003,5.62,82.0,1.630486707317073,0.5053403299673336,0.77,1.115,1.75,1.96,3.43,82.0,1.4004867073170733,0.8098984357633908,0.61,0.8125,1.26,1.8275000000000001,6.89999,82.0,2.814264390243902,1.044343593424198,1.47,1.8925,2.215,3.7724925000000002,5.74999
11,3,84.0,2.0905925,0.5888755602542519,0.1,1.7474925000000001,2.115,2.3625,4.02999,84.0,1.9796410714285715,0.658680493507857,0.77,1.72,1.89,2.085,6.0799900000000004,84.0,1.6511895238095238,0.5370018548304436,0.83,1.16,1.705,1.92,3.74,84.0,1.4090465476190477,0.90300842328123,0.57,0.8,1.15,1.8724900000000002,7.7,84.0,2.7729727380952376,1.0581707168646097,1.57,1.85,2.389995,3.58249,6.29999
11,4,82.0,2.380241219512195,0.9596448612067225,0.1,1.9224999999999999,2.185,2.54999,5.26999,82.0,2.383045365853659,1.3740683331348331,0.8,1.77,1.975,2.3249899999999997,8.84999,82.0,2.01402243902439,1.049590580027692,0.72,1.49,1.84,2.0774974999999998,5.95999,82.0,1.658900487804878,1.159305747278876,0.35,0.845,1.665,2.0249900000000003,7.299989999999999,82.0,2.8975569512195123,1.3081265257042547,1.45,1.8675000000000002,2.55999,3.5124925,7.02999
11,5,82.0,2.568653780487805,1.154362747589047,0.0,1.8724900000000002,2.2949900000000003,3.09499,6.7899899999999995,82.0,2.6534118292682924,1.6748026951227537,0.86,1.7725000000000002,2.135,2.58249,9.999989999999999,82.0,2.311338780487805,1.285974417650035,0.98,1.6524999999999999,1.97,2.29249,8.46,82.0,1.8730475609756096,1.3448085485638,0.57,1.085,1.59,1.9999924999999998,7.95,82.0,3.1037759756097563,1.6545401906791182,0.82,1.81,2.604995,4.109990000000001,7.7099899999999995
11,6,86.0,2.181392906976744,0.9046253546652421,0.98,1.6224925000000001,1.884995,2.54499,5.28999,86.0,2.2762770930232556,1.5838063140592042,0.45,1.5974975000000002,1.7499900000000002,2.1,9.559989999999999,86.0,2.1196489534883725,1.2629316473693764,0.98,1.5125000000000002,1.68,1.9999900000000002,7.019989999999999,86.0,1.7839522093023255,1.2652906194169278,0.66,0.9725,1.5950000000000002,1.8525,7.64999,86.0,3.0013923255813952,1.643715442975724,0.86,1.6724999999999999,2.324995,3.8674975,7.509989999999999
11,7,82.0,1.9037789024390244,0.9462547449710684,0.85,1.505,1.72,1.9774999999999998,7.089989999999999,82.0,1.8182914634146337,1.282552382079609,0.53,1.2625000000000002,1.585,1.7774999999999999,9.999989999999999,82.0,1.8197552439024391,1.041256276423187,0.58,1.3275000000000001,1.629995,1.92,8.49,82.0,1.6125603658536578,1.1984980428281171,0.63,0.9025000000000001,1.435,1.82,7.259989999999999,82.0,2.8234123170731706,1.4989424420111888,0.86,1.74,2.5300000000000002,3.7624925,8.91
11,8,82.0,1.8032913414634146,0.7201220704214355,0.67,1.4725000000000001,1.78,1.94,5.87,82.0,1.7114624390243902,1.4014508479866046,0.37,1.2925,1.4849999999999999,1.685,9.999989999999999,82.0,1.7604865853658533,0.9613720672466115,0.79,1.2425,1.6349999999999998,1.85,7.90999,82.0,1.6090232926829264,1.328840332522462,0.63,0.86,1.475,1.81,7.36999,82.0,2.780119024390244,1.4463576800965743,0.89,1.7524925,1.955,3.87999,7.439989999999999
11,9,86.0,1.773719418604651,0.497987843826013,0.89,1.55,1.7349999999999999,1.92,3.74,86.0,1.8163944186046512,1.486992329511135,0.45,1.27,1.55,1.8025,9.999989999999999,86.0,1.7205806976744187,0.6887600811736486,0.81,1.3,1.74,1.8849974999999999,5.85,86.0,1.5790683720930232,1.0680099314319689,0.55,0.945,1.5150000000000001,1.81,6.97,86.0,2.6813920930232555,1.168337244530842,0.45,1.8025000000000002,2.0999999999999996,3.59999,6.43999
11,10,82.0,1.7343893902439025,0.4003756712350384,0.98,1.46,1.775,1.9074999999999998,3.34999,82.0,1.57817,0.4139001011277725,0.36,1.295,1.55,1.8225,3.2,82.0,1.7556079268292686,0.5967575225295857,0.85,1.2925,1.8,2.0024925000000002,4.87,82.0,1.5451213414634144,0.8916999640245525,0.61,1.0325,1.53,1.83,6.7899899999999995,82.0,2.661337682926829,0.9732763762676754,1.42,1.8624975,2.085,3.4874925,5.31999
11,11,82.0,1.718535243902439,0.5808203996566815,0.03,1.5150000000000001,1.795,1.9749999999999999,3.45,82.0,1.576584512195122,0.469775150116567,0.02,1.3725,1.5950000000000002,1.82,2.92,82.0,1.6452424390243905,0.5630636959507169,0.02,1.2149999999999999,1.7699950000000002,1.97,3.50999,82.0,1.5721939024390246,1.05851315426521,0.02,1.06,1.4849999999999999,1.8475000000000001,6.559989999999999,82.0,2.4208497560975615,0.9309227043020946,0.02,1.86999,2.1,3.1475,4.95999
12,0,84.0,2.9016630952380944,2.2727689302841596,1.15,1.815,2.13,2.7175,9.999989999999999,84.0,1.655832023809523,0.4089269170713679,0.39,1.5175,1.73,1.895,2.53999,84.0,2.0432117857142855,0.8080749852956892,0.62,1.6174925000000002,1.915,2.47,4.54999,84.0,1.4352372619047618,1.1632575126030145,0.29,0.6375,1.12,1.7775,5.85,84.0,1.7764263095238098,1.3128533948367613,0.02,0.37000000000000005,1.7349999999999999,2.5499925,4.99
12,1,82.0,2.993776951219512,2.4136862711110254,0.81,1.86,2.0749950000000004,2.83249,9.999989999999999,82.0,1.7426807317073174,0.40647117224791457,0.47,1.6049975,1.84,1.9774999999999998,2.55999,82.0,2.1008513414634145,1.0137764173218529,0.61,1.4825,1.884995,2.74,6.41,82.0,1.4085358536585366,1.1791892381830802,0.28,0.62,1.11,1.6775,5.64999,82.0,1.8898762195121952,1.4000594499949277,0.03,0.415,1.93,2.6849999999999996,6.61999
12,2,84.0,2.968686904761905,2.1038358826934136,1.27,1.9275,2.2,2.9999975,9.999989999999999,84.0,1.8884500000000002,0.5015178430440599,0.41,1.74,1.93,2.0774925,3.64,84.0,2.0165451190476196,0.844028094098589,0.55,1.455,1.9449999999999998,2.4424975,4.24999,84.0,1.461665238095238,1.1597318025421453,0.24,0.6575,1.02,1.9999975,5.60999,84.0,2.064283333333334,1.516898051782653,0.05,1.0474999999999999,1.915,2.9450000000000003,9.08
12,3,82.0,3.190850365853659,2.3874633206585574,1.41,1.92,2.2899900000000004,3.0574900000000005,9.999989999999999,82.0,2.0636565853658535,0.7575975185653293,0.3,1.8025000000000002,1.9449999999999998,2.11,5.22999,82.0,2.123778048780488,0.8803967509271371,0.76,1.6125000000000003,1.97,2.7974925,4.60999,82.0,1.3356089024390245,0.959215288198429,0.35,0.7474999999999999,1.06,1.6099925000000002,5.66999,82.0,1.8825597560975607,1.5594153158352873,0.03,0.47,1.8250000000000002,2.5725,9.999989999999999
12,4,82.0,3.4824351219512195,2.625209089751553,1.37,1.9124999999999999,2.51999,3.2074999999999996,9.999989999999999,82.0,2.3349964634146345,1.181997390389394,0.28,1.81,2.04999,2.28249,7.889989999999999,82.0,2.2336549999999997,1.0779231068275306,0.74,1.5749974999999998,2.00999,2.79999,6.33999,82.0,1.5625598780487804,1.1463438825233685,0.34,0.77,1.2850000000000001,1.9874924999999999,5.89,82.0,2.212436585365854,2.046985167557533,0.06,0.6125,1.93,2.9174975,9.999989999999999
12,5,86.0,3.1511586046511635,2.0250257682027377,1.36,2.0825,2.53999,3.1725000000000003,9.999989999999999,86.0,2.330578372093023,1.295563835621033,0.0,1.7199975,1.94,2.5924975,7.56999,86.0,2.275927209302325,1.1057532320545933,0.75,1.5725,2.05499,2.685,6.759989999999999,86.0,1.646277441860465,1.2420456431020046,0.39,0.7324999999999999,1.28,2.1575,6.29999,86.0,2.533368953488372,2.3234611244125727,0.02,0.8699999999999999,2.14,3.03749,9.999989999999999
12,6,82.0,3.4231660975609746,2.410988475687035,1.12,1.8874925,2.504995,3.7274900000000004,9.999989999999999,82.0,2.1852410975609753,1.1837294221596568,0.31,1.6249925,1.864995,2.3825,5.97999,82.0,2.498411463414634,1.2120972268779595,0.74,1.6749999999999998,2.115,3.1775,6.30999,82.0,1.564510243902439,0.9677506740240556,0.3,0.8374999999999999,1.475,2.04249,5.30999,82.0,2.273168170731707,2.553985776672368,0.06,0.2525,1.78,2.7549925,9.999989999999999
12,7,84.0,3.187497261904762,2.4612483688471287,0.0,1.7575,2.3249950000000004,3.225,9.999989999999999,84.0,1.9019029761904762,0.7819006685962587,0.31,1.5925000000000002,1.7850000000000001,1.92,4.72,84.0,2.2297591666666667,0.9933979336505714,0.01,1.5475,1.9999900000000002,2.81999,5.03999,84.0,1.3166660714285716,0.8586757746375757,0.06,0.6575,1.0950000000000002,1.7075,5.05999,84.0,2.4540448809523814,2.6129552550199038,0.02,0.2725,1.84,3.1824925000000004,9.999989999999999
12,8,82.0,2.548533536585366,2.046351865222519,0.79,1.67,1.864995,2.55999,9.999989999999999,82.0,1.6674376829268294,0.6031116743698729,0.3,1.43,1.6949999999999998,1.9175,5.12999,82.0,1.9845098780487807,0.9520809230305743,0.32,1.3050000000000002,1.87499,2.5399925,5.62,82.0,1.29085243902439,1.0316338881618101,0.2,0.62,0.94,1.7075,5.64,82.0,1.9289007317073175,1.5306021509880792,0.02,0.4975,1.775,2.6124975,5.68999
12,9,82.0,2.939387804878048,2.3356884856710565,0.53,1.8075,2.16,2.7175000000000002,9.999989999999999,82.0,1.672925243902439,0.4714020449031046,0.22,1.5025,1.775,1.9774999999999998,2.45,82.0,2.083533902439025,0.8906952572753104,0.58,1.685,1.97,2.4899924999999996,4.58999,82.0,1.2340239024390245,0.8789415328632448,0.11,0.6625,0.935,1.5725,5.30999,82.0,1.7606078048780494,1.3636725979600899,0.02,0.2625,1.815,2.6500000000000004,5.43999
12,10,84.0,2.8854728571428563,2.4257514051876896,0.81,1.6949999999999998,1.884995,2.7325,9.999989999999999,84.0,1.7008315476190474,0.491857746085515,0.29,1.5350000000000001,1.72,1.8925,4.29999,84.0,1.9263075,0.8071183286068981,0.66,1.4675,1.82,2.295,3.97,84.0,1.2063089285714288,0.857835790334232,0.13,0.5875,0.865,1.57,5.41,84.0,1.7714265476190478,1.4198600009830378,0.03,0.295,1.755,2.3875,5.35
12,11,84.0,2.652258452380952,1.9975465835963209,1.11,1.7574975000000002,1.9249999999999998,2.7100000000000004,9.999989999999999,84.0,1.719522023809524,0.5420273145959934,0.3,1.58,1.74,1.8724900000000002,5.35999,84.0,1.9248785714285712,0.7419583981731195,0.67,1.54,1.85,2.1824975,3.98,84.0,1.3682129761904758,0.9868133144021707,0.16,0.695,1.08,1.86,5.35999,84.0,1.8666650000000002,1.2599949901148249,0.03,0.7124999999999999,1.859995,2.4099999999999997,5.1
